330,P01_02,152,205,0,4,81
350,P01_02,1894,1923,1,4,10
360,P01_02,2693,2741,0,1,57
370,P01_02,3944,4089,4,1,24
401,P01_02,7369,7468,1,1,44
411,P01_02,8376,8660,4,1,24
421,P01_02,9167,9247,4,4,182
451,P01_02,12579,12732,4,32,185
471,P01_02,14620,14659,0,28,18
501,P01_03,2087,2135,2,10,11
541,P01_04,2230,2383,11,12,183
561,P01_05,1043,1107,0,4,81
571,P01_05,1935,2053,0,6,79
581,P01_05,3142,3178,2,9,1
591,P01_05,3655,3678,1,22,21
601,P01_05,4575,4708,1,11,214
621,P01_05,5977,5994,3,9,145
631,P01_05,8036,8304,5,27,86
651,P01_05,10134,10212,2,8,0
661,P01_05,11990,12020,0,7,50
701,P01_05,16291,16344,2,9,1
711,P01_05,18893,19034,0,39,34
751,P01_05,29196,29226,2,9,1
781,P01_05,35025,35061,0,1,57
801,P01_05,37245,37332,1,24,137
811,P01_06,172,213,2,25,39
831,P01_06,2073,2103,1,18,131
851,P01_06,3711,3744,0,4,81
861,P01_06,4607,4790,4,1,24
871,P01_06,5920,6201,4,19,64
881,P01_06,7626,8059,4,1,24
891,P01_06,9595,9651,1,19,48
901,P01_06,10321,10350,0,21,201
921,P01_06,13399,13459,4,32,185
941,P01_07,1276,1306,1,7,20
951,P01_07,1918,1943,3,8,92
961,P01_07,2673,2711,3,8,92
991,P01_08,678,710,3,8,92
1001,P01_08,1396,1442,1,7,20
1011,P01_08,2489,2530,0,28,18
1031,P01_09,1089,1119,0,28,18
1041,P01_09,1711,1744,2,8,0
1051,P01_09,2366,2394,1,6,161
1062,P01_09,3441,3516,11,12,183
1082,P01_09,5737,5784,0,22,7
1112,P01_09,9568,9593,0,23,9
1142,P01_09,17270,17296,12,3,78
1172,P01_09,21427,21448,1,22,21
1192,P01_09,23496,23539,1,6,161
1202,P01_09,24012,24063,0,32,226
1212,P01_09,24844,24864,3,8,92
1232,P01_09,30267,30307,0,68,158
1242,P01_09,31729,32329,16,13,36
1252,P01_09,33245,33260,1,5,2
1272,P01_09,34739,34792,2,25,39
1282,P01_09,35836,36118,5,13,38
1292,P01_09,38275,38305,1,19,48
1312,P01_09,40389,40428,12,3,78
1363,P01_09,46260,46286,2,10,11
1403,P01_09,52020,52051,2,9,1
1413,P01_09,52626,52663,0,11,168
1433,P01_09,54578,54622,2,9,1
1463,P01_09,57610,57632,0,76,35
1513,P01_09,61861,61905,0,51,76
1573,P01_09,70593,70753,1,5,2
1583,P01_09,71631,71838,7,24,14
1593,P01_09,73057,73155,0,114,66
1623,P01_09,76869,76899,0,7,50
1633,P01_09,78061,78103,0,51,76
1643,P01_09,79340,79367,1,7,20
1683,P01_09,83249,83295,1,20,70
1693,P01_09,83992,84032,1,4,10
1723,P01_09,86683,86707,2,9,1
1743,P01_09,88536,88639,2,10,11
1753,P01_09,90305,90389,4,21,222
1763,P01_09,90994,91054,0,19,29
1783,P01_09,92940,93081,4,4,182
1793,P01_09,93840,93869,1,6,161
1803,P01_09,95167,95195,0,4,81
1823,P01_09,97193,97354,4,1,24
1843,P01_09,99614,99655,15,3,165
1853,P01_09,100484,100529,1,16,200
1863,P01_09,101259,101280,3,9,145
1873,P01_09,102563,102732,0,114,66
1883,P01_09,104757,104787,1,114,26
1893,P01_09,106742,106835,1,114,26
2814,P01_16,487,512,1,5,2
2824,P01_16,1150,1210,1,1,44
2834,P01_16,1872,1897,1,22,21
2844,P01_16,2291,2321,0,7,50
2854,P01_16,2997,3044,3,8,92
2874,P01_16,4474,4519,1,23,27
2884,P01_17,154,269,1,20,70
2894,P01_17,1052,1095,2,10,11
2904,P01_17,1886,1946,3,10,61
2995,P01_17,15028,15069,2,25,39
3005,P01_17,16134,16166,0,5,60
3045,P01_17,20971,21003,1,19,48
3055,P01_17,21535,21567,0,24,169
3075,P01_17,24183,24235,1,6,161
3085,P01_17,24819,24851,0,5,60
3095,P01_17,25574,25839,4,19,64
3135,P01_17,30363,30383,0,21,201
3145,P01_17,31829,32171,4,33,213
3155,P01_17,33344,33367,1,32,190
3165,P01_17,34065,34166,7,17,47
3185,P01_18,1210,1248,2,8,0
3195,P01_18,1771,1787,1,5,2
3215,P01_18,4419,4469,2,9,1
3235,P01_18,10528,10592,1,5,2
3245,P01_18,11298,11313,3,25,32
3265,P01_18,13609,13649,3,8,92
3325,P01_18,25102,25135,2,29,17
3345,P01_18,27668,27711,11,12,183
3365,P01_18,29545,29575,2,8,0
3395,P01_18,32096,32122,3,3,8
3405,P01_18,32741,32797,12,3,78
3416,P01_18,33640,33674,0,28,18
3426,P01_18,34757,34893,7,17,47
3436,P01_18,35941,35975,2,8,0
3446,P01_18,36903,37029,2,29,17
3488,P01_18,42327,42347,0,1,57
3518,P01_18,46223,46519,1,24,137
3529,P01_18,48107,48144,0,7,50
3551,P01_18,52771,52849,1,22,21
3581,P01_18,57374,57401,1,182,25
3591,P01_18,59913,59942,1,22,21
3601,P01_18,60628,60671,2,9,1
3611,P01_18,62083,62113,1,22,21
3631,P01_18,66767,66810,0,29,23
3641,P01_18,67634,67700,1,42,204
3651,P01_18,70457,70492,0,22,7
3661,P01_18,72352,72379,0,5,60
3671,P01_18,73163,73365,4,19,64
3691,P01_18,75468,75492,15,3,165
3701,P01_18,77136,77166,0,16,186
3711,P01_18,78688,78729,1,22,21
3732,P01_18,84890,84939,0,22,7
3743,P01_18,87484,87506,0,11,168
3786,P01_18,97658,97694,1,46,163
3807,P01_18,102518,102540,0,22,7
3817,P01_18,105465,105502,1,7,20
3828,P01_18,107587,107663,0,1,57
3838,P01_18,108541,108586,0,29,23
3848,P01_18,109746,109788,1,1,44
3858,P01_18,110686,110753,1,4,10
3878,P01_19,1073,1094,15,3,165
3898,P01_19,3833,4355,4,1,24
3908,P01_19,5630,5704,1,1,44
3918,P01_19,6271,6292,0,7,50
3938,P01_19,7833,7857,0,21,201
3948,P01_19,8960,8996,0,21,201
3988,P01_19,13394,13430,0,32,226
3998,P02_01,184,227,1,4,10
4008,P02_01,861,904,1,23,27
4018,P02_01,1611,1648,3,20,157
4028,P02_01,2378,2409,2,10,11
4051,P02_01,3806,3830,1,15,141
4085,P02_01,6743,6772,23,176,217
4125,P02_02,2477,2795,4,23,227
4135,P02_02,3189,3220,1,23,27
4145,P02_02,3950,4070,4,4,182
4155,P02_02,4481,4500,0,23,9
4165,P02_02,5278,5491,4,4,182
4549,P02_04,1082,1129,1,1,44
4559,P02_04,1537,1578,2,9,1
4579,P02_04,3039,3117,0,16,186
4589,P02_04,4172,4196,3,9,145
4619,P02_04,6242,6262,3,3,8
4629,P02_04,6764,6791,3,3,8
4649,P02_04,8004,8020,3,3,8
4659,P02_04,8560,8594,1,4,10
4689,P02_04,10274,10293,3,3,8
4699,P02_04,11532,11563,1,7,20
4724,P02_06,1257,1297,1,39,104
4734,P02_06,1963,1991,1,15,141
4744,P02_06,2486,2527,0,75,202
4764,P02_06,4241,4275,0,39,34
4774,P02_06,4711,4756,0,7,50
4784,P02_06,5273,5312,2,3,88
4794,P02_06,5670,5693,1,5,2
4804,P02_06,6314,6348,2,3,88
4814,P02_06,6908,6951,1,4,10
4824,P02_06,7577,7955,4,4,182
4834,P02_06,8412,8552,4,4,182
4864,P02_06,12638,12776,0,5,60
4874,P02_06,13883,13916,1,19,48
4894,P02_06,15033,15093,0,19,29
4914,P02_06,16124,16146,0,30,133
4944,P02_06,19234,19266,0,65,191
4994,P02_06,23903,23965,3,20,157
5004,P02_06,24520,24547,3,9,145
5034,P02_06,27099,27216,1,24,137
5044,P02_06,27873,27890,3,10,61
5054,P02_06,28804,28862,1,19,48
5084,P02_06,30857,30892,3,3,8
5124,P02_07,2461,2495,2,8,0
5134,P02_07,2837,2860,0,7,50
5174,P02_09,122,245,0,6,79
5184,P02_09,953,990,1,31,40
5194,P02_09,2014,2063,0,7,50
5204,P02_09,2547,2564,3,3,8
5235,P02_09,4304,4346,0,7,50
5245,P02_09,5145,5161,3,25,32
5279,P02_09,8366,8404,1,16,200
5289,P02_09,10063,10167,0,93,65
5309,P02_09,14895,14943,0,24,169
5319,P02_09,16725,17148,4,12,90
5329,P02_09,18062,18094,0,65,191
5339,P02_09,19039,19196,1,6,161
5349,P02_09,20204,20228,0,5,60
5359,P02_09,21025,21084,1,31,40
5369,P02_09,21494,21516,3,8,92
5379,P02_09,22626,22716,11,12,183
5399,P02_09,25666,26256,5,13,38
5409,P02_09,30756,30777,8,108,80
5419,P02_09,31671,31701,0,5,60
5429,P02_09,33591,33687,7,24,14
5450,P02_09,36946,36963,2,8,0
5470,P02_09,40089,40118,1,45,49
5540,P02_09,48396,48454,0,77,147
5550,P02_09,49065,49131,0,16,186
5560,P02_09,49710,49741,2,9,1
5580,P02_09,51273,51300,1,16,200
5590,P02_09,51865,51909,1,7,20
5640,P02_09,56097,56198,4,21,222
5660,P02_09,57474,57503,0,16,186
5670,P02_09,58090,58132,2,3,88
5680,P02_09,58708,58726,1,7,20
5690,P02_09,59170,59204,0,16,186
5700,P02_09,59801,59937,1,11,214
5720,P02_09,63165,63188,1,7,20
5730,P02_09,63877,63920,0,11,168
5740,P02_09,65293,65360,0,18,59
5760,P02_11,97,135,1,11,214
6230,P03_02,144,173,1,39,104
6240,P03_02,538,563,0,39,34
6250,P03_02,1390,1414,0,39,34
6260,P03_02,1879,1930,1,39,104
6330,P03_02,7095,7117,0,21,201
6340,P03_02,8484,8544,15,3,165
6370,P03_03,232,272,1,39,104
6390,P03_04,97,243,1,20,70
6460,P03_04,6011,6572,16,13,36
6490,P03_04,12486,12537,0,6,79
6520,P03_04,16566,16581,12,47,230
6530,P03_04,17038,17087,0,23,9
6560,P03_04,20097,20149,2,20,98
6580,P03_04,23807,23848,15,3,165
6610,P03_04,29731,29781,0,79,113
6650,P03_04,33921,33961,2,8,0
6660,P03_04,34218,34233,1,39,104
6670,P03_04,34663,34678,3,10,61
6720,P03_04,43350,43413,1,22,21
6730,P03_04,44688,44713,15,3,165
6740,P03_04,45349,45374,3,9,145
6760,P03_05,570,622,0,1,57
6780,P03_05,1729,1758,1,11,214
6790,P03_05,3449,3473,1,1,44
6852,P03_07,254,282,0,6,79
6862,P03_07,577,607,1,11,214
6882,P03_07,1866,1884,2,8,0
6892,P03_07,2657,2686,15,3,165
6902,P03_08,468,535,1,1,44
6912,P03_09,372,434,14,28,130
6922,P03_09,880,918,3,10,61
6942,P03_09,2069,2094,2,10,11
6972,P03_09,4574,4706,5,51,77
6992,P03_09,6141,6163,3,10,61
7002,P03_09,7137,7197,1,4,10
7012,P03_09,8490,8525,1,6,161
7022,P03_09,9609,9648,0,19,29
7042,P03_09,13585,13721,1,1,44
7052,P03_09,14616,14683,4,5,122
7072,P03_09,16839,17079,4,33,213
7112,P03_10,2016,2042,3,8,92
7122,P03_10,2626,2656,2,10,11
7161,P03_13,690,748,0,1,57
7191,P03_14,2513,2543,0,16,186
7231,P03_16,1016,1041,1,23,27
7241,P03_16,1888,1926,1,31,40
7251,P03_16,5176,5206,9,1,28
7271,P03_17,2250,2284,0,11,168
7281,P03_17,4214,4234,0,5,60
7291,P03_18,560,690,11,12,183
7311,P03_19,1806,1849,0,65,191
7341,P03_19,4594,4626,2,10,11
7371,P03_19,7394,7442,2,28,232
7381,P03_19,8080,8103,0,19,29
7391,P03_19,8735,8759,0,5,60
7411,P03_19,9823,9843,0,11,168
7421,P03_19,11054,11097,0,4,81
7431,P03_19,12491,12857,4,16,188
7441,P03_19,14264,14344,1,39,104
7451,P03_19,15531,15554,1,5,2
7461,P03_20,148,195,1,11,214
7471,P03_20,1789,1847,0,1,57
7481,P03_20,3600,3668,7,17,47
7491,P03_20,4595,4619,0,1,57
7511,P03_20,8100,8192,4,33,213
7521,P03_20,9686,9712,15,3,165
7531,P03_20,10498,10528,3,10,61
7871,P03_27,943,1265,4,12,90
7881,P03_28,81,102,1,28,149
7891,P03_28,642,665,1,28,149
7901,P03_28,1008,1049,7,17,47
7921,P03_28,2388,2446,11,12,183
7941,P04_01,1950,1997,1,5,2
7961,P04_01,4910,5068,11,12,183
7981,P04_01,9249,9278,1,20,70
8021,P04_01,13568,13584,2,10,11
8031,P04_01,14412,14507,2,20,98
8041,P04_01,16511,16581,0,1,57
8061,P04_01,18797,18820,3,10,61
8071,P04_01,20361,20505,4,12,90
8081,P04_01,21323,21357,0,50,197
8101,P04_01,24385,24610,11,12,183
8111,P04_01,25255,25291,1,39,104
8122,P04_01,26132,26162,2,8,0
8132,P04_01,27223,27272,2,9,1
8142,P04_01,28052,28074,2,10,11
8152,P04_01,29411,29445,1,24,137
8192,P04_02,1034,1059,0,22,7
8202,P04_02,1966,2124,7,24,14
8212,P04_02,3386,3410,3,8,92
8222,P04_02,4314,4337,1,5,2
8232,P04_02,5082,5107,2,9,1
8312,P04_02,19729,19799,4,12,90
8322,P04_02,21429,21504,9,1,28
8332,P04_02,23296,23330,1,5,2
8342,P04_02,24460,24502,2,8,0
8382,P04_02,28391,28412,3,9,145
8392,P04_02,28932,28962,0,7,50
8412,P04_02,30603,30650,0,24,169
8422,P04_02,32760,33593,5,13,38
8483,P04_02,40473,40527,0,5,60
8493,P04_02,41025,41058,2,9,1
8533,P04_03,1485,1669,1,19,48
8553,P04_03,3885,3922,0,11,168
8583,P04_03,7549,7586,2,8,0
8593,P04_03,8387,8432,0,116,83
8603,P04_03,9267,9318,3,10,61
8653,P04_03,15050,15070,3,9,145
8673,P04_03,16964,17001,2,9,1
8703,P04_03,20321,20380,3,9,145
8713,P04_03,21591,21610,2,8,0
8733,P04_04,96,134,0,22,7
8753,P04_04,2478,2513,0,22,7
8763,P04_04,3941,4226,24,1,33
8773,P04_04,4773,4838,0,19,29
8783,P04_04,5903,6031,5,27,86
8793,P04_04,8616,8709,0,27,85
8803,P04_04,10297,10395,5,27,86
8813,P04_04,12501,12829,5,27,86
8823,P04_04,14829,14907,2,9,1
8833,P04_04,16772,17094,5,51,77
8843,P04_04,19614,19651,0,77,147
8853,P04_04,20740,20939,16,13,36
8863,P04_04,22194,22227,1,4,10
8893,P04_05,2547,2575,1,22,21
8903,P04_05,3592,3633,1,1,44
8913,P04_05,6042,6090,1,1,44
8993,P04_05,23142,23181,2,9,1
9043,P04_05,34070,34097,2,9,1
9104,P04_05,44420,44453,2,8,0
9165,P04_05,55749,55834,15,47,54
9205,P04_06,1606,1638,3,112,155
9236,P04_06,7368,7463,0,39,34
9256,P04_06,10302,10370,0,52,110
9296,P04_06,21211,21241,2,10,11
9316,P04_07,241,266,2,8,0
9326,P04_07,1485,1540,0,39,34
9336,P04_07,2968,2988,2,25,39
9346,P04_08,354,415,1,6,161
9356,P04_08,1730,1765,0,7,50
9401,P04_10,1654,2696,4,1,24
9421,P04_10,7958,8778,5,13,38
9431,P04_10,10154,10181,2,9,1
9481,P04_10,24440,24477,2,9,1
9531,P04_12,873,1101,4,12,90
9551,P04_13,880,925,2,9,1
9612,P04_16,2500,2522,2,9,1
9632,P04_16,5473,5524,1,7,20
9672,P04_18,2421,2451,15,3,165
9692,P04_20,165,219,1,4,10
9702,P04_20,2674,2711,1,18,131
9732,P04_22,425,449,0,22,7
9742,P04_22,3279,3309,2,9,1
9792,P04_23,12294,12403,0,119,167
9802,P04_23,15078,15135,2,8,0
10245,P05_01,2178,2225,0,29,23
10275,P05_02,126,174,2,8,0
10305,P05_02,4721,4763,2,8,0
10355,P05_03,2291,2315,0,23,9
10365,P05_03,3168,3250,1,28,149
10405,P05_03,10824,10890,0,77,147
10425,P05_03,13033,13071,0,77,147
10445,P05_03,16271,16294,1,28,149
10455,P05_03,18503,18777,6,35,55
10485,P05_03,28443,28626,4,12,90
10535,P05_04,4359,4415,1,16,200
10545,P05_04,6834,6865,1,32,190
10575,P05_05,2000,2020,3,10,61
10595,P05_06,1170,1240,0,77,147
10746,P05_08,1143,1173,0,28,18
10766,P05_08,3372,3412,1,5,2
10776,P05_08,5546,5576,0,1,57
10796,P05_08,10002,10071,0,77,147
10806,P05_08,14142,14184,0,22,7
10826,P05_08,23209,23280,1,28,149
10836,P05_08,27738,28393,4,42,179
10856,P05_08,35594,36040,4,1,24
10942,P06_01,459,508,2,9,1
10972,P06_03,564,601,0,93,65
11022,P06_03,5683,5712,1,20,70
11042,P06_03,9332,9378,2,8,0
11052,P06_03,10059,10107,3,8,92
11336,P06_07,1893,2015,0,114,66
11386,P06_07,7533,7622,1,114,26
11476,P06_07,18718,19033,5,30,74
11496,P06_07,23808,23864,12,3,78
11526,P06_07,26109,26140,3,8,92
11546,P06_07,27500,27540,1,7,20
11556,P06_07,29119,29141,2,8,0
11566,P06_07,30454,30479,12,3,78
11576,P06_08,316,409,0,27,85
11596,P06_09,9975,10020,1,45,49
11666,P06_09,25261,25301,17,106,111
11696,P06_09,30231,30277,0,11,168
11736,P06_09,35529,35622,7,30,71
11746,P06_09,37989,38059,1,11,214
11756,P06_09,40088,40158,1,11,214
11975,P07_01,1730,1789,2,3,88
12030,P07_04,554,587,2,3,88
12040,P07_04,2243,2273,3,3,8
12050,P07_04,3209,3292,0,1,57
12070,P07_04,6046,6138,4,23,227
12090,P07_04,9797,9948,7,58,215
12100,P07_04,10572,10587,23,176,217
12110,P07_04,12321,12374,3,8,92
12120,P07_04,13527,13556,2,3,88
12140,P07_04,17570,17707,1,31,40
12150,P07_04,19148,19192,12,3,78
12160,P07_04,20852,20901,2,20,98
12180,P07_04,24492,24512,2,10,11
12190,P07_05,1672,2066,4,4,182
12200,P07_05,3165,3248,4,1,24
12220,P07_06,394,562,4,23,227
12230,P07_06,1742,1791,2,3,88
12270,P07_07,7080,7154,4,29,91
12280,P07_07,7916,7971,4,29,91
12290,P07_07,8223,8282,23,176,217
12345,P07_09,4964,5003,2,10,11
12355,P07_09,7720,8368,7,41,162
12705,P07_11,813,914,4,29,91
12725,P07_11,6340,6377,2,8,0
13098,P08_02,2512,2571,4,21,222
13118,P08_03,1440,1470,0,6,79
13138,P08_04,9,59,42,123,107
13148,P08_04,1041,1105,1,6,161
13158,P08_04,1779,1829,3,9,145
13168,P08_04,2607,2662,1,4,10
13178,P08_04,3500,3545,2,9,1
13188,P08_04,4464,4549,0,23,9
13580,P08_06,389,448,0,7,50
13590,P08_06,1737,1773,0,30,133
13620,P08_06,4479,4511,4,4,182
13630,P08_06,5302,5362,1,1,44
13640,P08_06,6426,6493,4,19,64
13650,P08_06,7480,7732,4,21,222
13660,P08_06,9078,9146,21,17,119
13670,P08_06,10971,11278,4,33,213
13690,P08_06,13933,13967,4,5,122
13700,P08_07,103,162,2,8,0
13710,P08_08,167,222,1,16,200
13720,P08_08,1268,1431,0,4,81
13730,P08_08,2752,2811,2,10,11
13740,P08_08,3942,4047,3,10,61
13972,P08_11,2724,2753,0,88,187
14439,P08_18,146,225,1,4,10
14449,P08_18,1686,1773,4,6,203
14459,P08_18,2599,2678,1,18,131
14469,P08_18,3602,3663,1,11,214
14479,P08_18,4708,4773,3,9,145
14539,P08_18,12804,12867,4,33,213
14570,P08_19,2470,2598,21,129,105
14580,P08_20,31,78,42,123,107
14590,P08_20,1281,1314,2,8,0
14620,P08_21,12,70,42,123,107
14650,P08_21,2359,2412,2,8,0
14660,P08_21,3135,3255,1,1,44
14670,P08_21,4576,4703,0,7,50
14680,P08_21,6141,6186,3,9,145
14690,P08_21,6820,6868,3,9,145
14700,P08_21,7814,7855,3,8,92
14730,P08_21,11608,11649,2,8,0
14760,P08_21,15928,15966,2,8,0
14780,P08_21,18552,18634,4,12,90
14800,P08_21,20987,21027,2,9,1
14830,P08_21,25428,25466,2,9,1
14860,P08_21,30331,30364,2,9,1
14910,P08_21,36104,36136,1,60,75
14970,P08_22,706,728,0,4,81
14990,P08_22,2975,3080,1,19,48
15000,P08_23,118,150,2,10,11
15030,P08_23,4002,4470,4,72,118
15060,P08_23,9399,9465,0,19,29
15070,P08_23,10375,10723,0,27,85
15130,P08_23,23535,23594,4,12,90
15140,P08_23,24417,24509,3,20,157
15171,P08_23,29264,29296,3,8,92
15181,P08_23,30695,30823,0,68,158
15191,P08_23,32315,32360,4,12,90
15221,P08_23,35080,35181,7,24,14
15231,P08_23,36802,36839,2,9,1
15241,P08_23,38832,38868,2,10,11
15291,P08_23,45490,45530,4,12,90
15321,P08_24,3095,3136,0,68,158
15331,P08_24,4331,4396,0,27,85
15341,P08_24,5028,5071,2,8,0
15382,P08_24,11783,11824,1,31,40
15402,P08_24,15541,15564,2,8,0
15412,P08_24,16760,16798,0,6,79
15422,P08_26,39,90,1,6,161
15432,P08_26,730,768,4,4,182
15452,P08_26,3170,3230,1,117,143
15472,P08_26,4993,5286,4,42,179
15503,P08_26,9902,9933,15,17,120
15513,P08_26,11016,11046,0,66,123
15523,P08_26,12032,12086,1,6,161
15553,P08_27,4512,4564,1,7,20
15563,P08_27,5274,5299,15,17,120
15573,P08_28,453,513,1,5,2
15996,P10_02,133,245,3,8,92
16006,P10_02,3118,3211,1,20,70
16046,P10_02,11886,12011,1,19,48
16056,P10_02,14547,14734,1,24,137
16117,P10_02,30538,30670,1,6,161
16425,P10_04,8689,8840,0,4,81
16495,P10_04,21148,21513,6,41,53
16515,P10_04,25789,26097,5,13,38
16595,P10_04,40403,40534,4,17,139
16615,P10_04,44799,44861,0,5,60
16685,P10_04,58425,58445,1,45,49
16705,P10_04,62931,62951,1,45,49
16715,P10_04,64563,64656,4,19,64
16725,P10_04,65746,65784,1,7,20
16735,P10_04,67453,67499,1,5,2
16788,P10_04,77452,77552,1,24,137
16799,P10_04,79994,80046,9,7,68
16809,P10_04,81587,81622,1,7,20
16839,P10_04,89171,89261,0,6,79
16869,P10_04,95195,95468,4,17,139
18483,P12_01,165,203,2,8,0
18493,P12_01,1198,1254,2,9,1
18523,P12_01,7260,7291,0,51,76
18563,P12_02,2717,2772,3,10,61
18573,P12_02,4132,4237,0,19,29
18593,P12_02,9395,9768,16,13,36
18603,P12_02,13517,13731,4,19,64
18623,P12_02,20023,20078,1,24,137
18653,P12_02,30314,30483,0,7,50
18663,P12_02,33341,33730,4,12,90
18684,P12_02,41130,41167,3,10,61
18704,P12_02,48230,48293,17,106,111
18714,P12_02,50541,50570,1,16,200
18724,P12_02,51911,51942,2,9,1
18858,P12_04,287,351,0,51,76
18868,P12_04,1977,2089,4,12,90
18878,P12_04,4302,4368,0,11,168
18928,P12_04,42577,42821,1,4,10
18938,P12_04,44612,44658,0,7,50
18948,P12_04,46823,47001,4,19,64
18968,P12_04,57142,57309,11,12,183
19018,P12_07,5344,5481,1,23,27
19030,P12_07,11596,11619,4,12,90
19040,P12_07,20290,20557,4,53,97
19231,P13_05,1695,1738,3,10,61
19251,P13_05,7384,7470,1,58,109
19313,P13_08,1638,1663,1,4,10
19323,P13_08,3044,3518,16,13,36
19343,P13_08,9071,9116,5,13,38
19353,P13_08,18818,18878,3,9,145
19373,P13_08,30346,30391,0,24,169
19393,P13_08,37246,37345,7,17,47
19403,P13_08,40215,40274,0,76,35
19433,P13_08,49873,50552,4,4,182
19463,P13_08,62715,62783,1,23,27
19483,P13_08,69250,69499,6,35,55
19493,P13_08,73100,73143,3,10,61
19560,P13_10,1353,1423,1,20,70
19615,P14_04,838,892,0,5,60
19702,P14_09,201,258,0,21,201
19712,P14_09,2498,2526,0,4,81
19722,P14_09,4195,4233,1,18,131
19732,P14_09,5899,5925,0,21,201
19762,P15_02,2289,2325,0,19,29
19772,P15_02,5970,6266,8,108,80
19782,P15_02,11765,12537,5,13,38
19792,P15_02,13989,14020,11,12,183
19812,P15_03,1559,1784,32,80,82
19822,P15_03,3600,3622,3,3,8
19832,P15_03,6090,6162,4,12,90
19999,P15_08,4015,4095,1,16,200
20019,P15_08,5745,5865,0,16,186
20029,P15_08,7721,7899,0,39,34
20039,P15_08,9132,9192,0,4,81
20049,P15_08,9966,10011,2,9,1
20079,P15_09,4915,5017,0,19,29
20099,P15_10,2993,3025,2,28,232
20109,P15_10,4051,4092,3,10,61
20139,P15_13,3528,3670,4,11,180
20199,P16_01,130,411,12,3,78
20209,P16_01,1245,1418,12,3,78
20259,P16_01,22490,22599,15,3,165
20289,P16_03,75,226,4,1,24
20299,P16_03,3854,4047,4,1,24
20424,P17_03,8385,10792,4,5,122
20444,P17_04,2409,2489,2,10,11
20454,P17_04,6221,6242,12,113,170
21236,P19_01,2508,2847,7,17,47
21256,P19_01,8296,8428,5,30,74
21279,P19_01,17207,17664,4,6,203
21299,P19_01,21995,22144,0,4,81
21311,P19_03,201,249,0,21,201
21331,P19_03,3815,3863,2,8,0
21351,P19_04,5111,5285,48,17,101
21361,P19_04,6538,6564,3,3,8
21371,P19_04,8979,9087,5,30,74
21411,P19_04,21897,22043,0,4,81
21474,P20_01,382,413,2,9,1
21484,P20_01,1159,1185,3,9,145
21494,P20_01,2569,2718,0,77,147
21504,P20_01,3741,3765,15,3,165
21514,P20_01,4586,4698,4,1,24
21524,P20_01,5513,5561,0,11,168
21544,P20_01,7376,7433,2,10,11
21554,P20_01,8249,8320,2,9,1
21564,P20_01,8730,8792,1,6,161
21574,P20_01,9825,9843,1,6,161
21594,P20_01,11356,11381,1,6,161
21624,P20_01,14670,14760,6,26,171
21634,P20_01,15855,15905,17,106,111
21654,P20_01,18823,18979,6,26,171
21726,P20_01,28454,28546,1,46,163
21736,P20_01,29294,29444,1,46,163
21786,P20_01,37612,37638,12,3,78
21796,P20_01,38467,38535,3,49,114
21826,P20_02,1,112,0,4,81
21836,P20_02,1131,1194,0,4,81
21846,P20_02,1818,1844,0,32,226
21856,P20_02,2673,2699,0,6,79
21866,P20_02,4197,4325,4,4,182
21876,P20_02,5205,5285,0,4,81
21886,P20_02,6332,6417,4,4,182
21896,P20_02,7642,7718,0,1,57
21906,P20_02,8966,9057,4,1,24
21916,P20_02,10152,10182,12,3,78
21926,P20_02,11283,11373,2,9,1
22667,P21_01,11013,11208,3,77,148
22797,P21_03,3153,3355,7,24,14
22838,P21_03,13605,13879,1,7,20
22869,P21_04,1839,1974,3,77,148
22879,P21_04,4663,4797,3,77,148
22889,P21_04,7527,7563,2,10,11
22929,P21_04,16832,16884,0,7,50
24171,P22_05,561,679,1,105,223
24181,P22_05,1104,1121,1,28,149
24191,P22_05,2165,2220,0,76,35
24201,P22_05,3000,3029,1,39,104
24211,P22_05,3549,3648,4,4,182
24221,P22_05,4162,4187,1,16,200
24231,P22_05,4671,4696,0,4,81
24241,P22_05,5509,5560,0,59,192
24271,P22_05,8164,8201,14,12,196
24301,P22_05,10657,10749,7,17,47
24311,P22_05,11376,11641,7,17,47
24361,P22_05,15210,15232,3,3,8
24391,P22_05,18870,18949,0,68,158
24471,P22_05,23524,23552,3,8,92
24491,P22_05,25286,25301,2,29,17
24501,P22_05,25726,25778,0,68,158
24511,P22_05,26372,26411,1,5,2
24531,P22_05,27582,27657,1,4,10
24541,P22_05,28200,28242,0,52,110
24551,P22_05,28833,28878,0,29,23
24561,P22_05,29400,29940,3,8,92
24571,P22_05,30309,30426,1,28,149
24611,P22_05,33409,33442,4,32,185
24621,P22_05,33972,34014,1,32,190
24641,P22_05,35835,35863,0,11,168
24651,P22_05,36614,36724,7,58,215
24681,P22_06,1502,1535,1,18,131
24691,P22_06,2532,2562,1,6,161
24701,P22_06,3314,3335,1,4,10
24711,P22_06,4198,4223,0,16,186
24721,P22_06,4750,4781,0,23,9
24731,P22_06,5398,5551,4,23,227
24741,P22_06,5991,6031,1,18,131
24751,P22_06,6552,6689,4,4,182
24761,P22_06,7196,7282,4,4,182
24771,P22_06,7752,7792,1,98,87
24781,P22_06,8552,8747,4,23,227
24801,P22_06,10319,10434,4,59,108
24811,P22_06,11145,11186,4,12,90
24821,P22_06,11891,11914,15,3,165
24831,P22_06,12456,12523,14,32,225
24841,P22_06,12899,12922,3,9,145
24861,P22_07,880,994,1,23,27
24871,P22_07,1426,1463,1,5,2
24881,P22_07,1999,2030,0,32,226
24891,P22_07,2448,2508,1,98,87
24901,P22_07,3121,3159,1,18,131
24921,P22_07,4524,4564,0,5,60
24931,P22_07,5236,5280,16,13,36
24941,P22_07,6158,6190,0,5,60
24951,P22_07,6916,7005,2,9,1
24961,P22_07,8116,8181,0,5,60
24971,P22_07,9012,9046,5,13,38
24991,P22_07,11015,11040,14,12,196
25001,P22_07,11598,11631,3,8,92
25031,P22_07,13718,13750,2,9,1
25041,P22_07,14567,14620,4,5,122
25051,P22_07,16425,16459,5,69,3
25071,P22_07,17801,17891,5,69,3
25081,P22_07,19434,19814,5,69,3
25091,P22_07,21270,21311,1,7,20
25101,P22_07,21902,22184,6,69,4
25131,P22_07,24062,24095,2,8,0
25161,P22_07,26749,26779,2,9,1
25171,P22_07,27615,27652,0,11,168
25191,P22_07,29105,29122,2,125,195
25211,P22_07,30356,30634,4,5,122
25221,P22_07,31849,31993,4,19,64
25231,P22_07,32621,32692,4,33,213
25241,P22_07,33210,33257,2,9,1
25251,P22_07,34227,34272,1,11,214
25281,P22_07,37807,37839,1,18,131
25291,P22_07,38570,38586,2,9,1
25311,P22_07,40585,40601,44,70,189
25321,P22_07,41641,41685,2,3,88
25341,P22_07,43158,43196,1,18,131
25371,P22_07,45667,45719,1,4,10
25381,P22_07,46344,46382,44,70,189
25401,P22_07,48365,48389,0,21,201
25451,P22_07,52764,52787,3,3,8
25461,P22_07,53632,53737,1,11,214
25491,P22_07,55964,56077,7,17,47
25501,P22_07,56887,56924,2,9,1
25511,P22_07,57822,57868,0,7,50
25531,P22_07,59725,59803,6,35,55
25541,P22_07,60651,60677,1,60,75
25561,P22_07,62596,62615,1,28,149
25571,P22_07,64103,64126,1,7,20
25581,P22_07,65009,65052,12,3,78
25976,P22_09,206,251,0,32,226
25986,P22_09,769,802,1,1,44
25996,P22_09,1161,1200,1,11,214
26006,P22_09,1752,1800,1,42,204
26026,P22_09,2965,3013,1,7,20
26036,P22_09,3374,3415,1,32,190
26056,P22_09,4705,4734,4,12,90
26066,P22_09,5265,5336,4,4,182
26076,P22_09,5820,5838,4,12,90
26096,P22_09,7098,7113,4,59,108
26106,P22_09,7414,7441,1,32,190
26126,P22_09,9198,9241,4,32,185
26136,P22_09,10176,10315,4,32,185
26156,P22_09,12225,12333,1,32,190
26841,P22_12,5633,5709,2,9,1
26921,P22_12,9766,9858,4,4,182
26941,P22_12,11563,11611,1,32,190
26961,P22_12,13096,13134,0,5,60
26971,P22_12,13552,13639,3,8,92
26981,P22_12,14252,14276,4,53,97
26991,P22_12,14749,14814,4,53,97
27011,P22_12,15811,15843,2,8,0
27021,P22_12,16445,16600,4,12,90
27041,P22_12,18354,18399,1,60,75
27061,P22_12,19459,19488,0,39,34
27071,P22_12,20209,20255,9,23,172
27387,P22_14,5385,5406,2,8,0
27397,P22_14,5836,5858,1,18,131
27407,P22_14,6597,6624,4,21,222
27417,P22_14,7616,7669,1,18,131
27427,P22_14,8303,8362,0,5,60
27437,P22_14,8824,8856,1,4,10
27447,P22_14,9466,9489,2,3,88
27457,P22_14,10352,10403,1,18,131
27467,P22_14,11151,11230,4,4,182
27477,P22_14,11588,11623,11,12,183
27497,P22_14,13794,13830,1,15,141
27507,P22_14,14427,14472,1,32,190
27527,P22_14,15451,15502,4,4,182
27537,P22_14,16319,16376,4,18,96
27547,P22_14,16710,16732,3,126,193
27557,P22_14,17093,17131,4,5,122
27567,P22_14,17644,17707,11,12,183
27587,P22_14,19028,19103,3,126,193
27597,P22_14,19734,19804,1,4,10
27617,P22_15,426,452,4,126,211
27627,P22_15,970,1023,2,125,195
27637,P22_15,1570,1627,0,4,81
27657,P22_15,2938,2961,0,23,9
27667,P22_15,3509,3562,3,8,92
27677,P22_15,4144,4163,3,9,145
27687,P22_15,4821,4859,3,9,145
27707,P22_15,5946,5984,1,32,190
27717,P22_15,6797,6830,1,6,161
27727,P22_15,7897,8175,0,6,79
27737,P22_15,8910,8987,3,3,8
27747,P22_15,9386,9493,4,6,203
27767,P22_15,10752,10772,0,23,9
27777,P22_15,11169,11313,4,4,182
27787,P22_15,11802,11832,1,23,27
27797,P22_15,12523,12693,4,6,203
27807,P22_15,13351,13401,10,37,212
27817,P22_15,14341,14413,4,21,222
27837,P22_15,15535,15562,9,3,184
27847,P22_15,15981,16015,1,24,137
27877,P22_15,17262,17324,4,21,222
27887,P22_15,17826,17919,2,10,11
27917,P22_16,1869,1908,2,9,1
27927,P22_16,2519,2541,3,9,145
27937,P22_16,3006,3044,1,1,44
27947,P22_16,3690,3712,2,9,1
27997,P22_16,6184,6221,2,3,88
28007,P22_16,6657,6687,2,8,0
28017,P22_16,7291,7516,16,13,36
28027,P22_16,8189,8269,0,68,158
28037,P22_16,8820,8850,0,5,60
28067,P22_16,13110,13956,5,30,74
28077,P22_16,14196,14217,2,8,0
28087,P22_16,16122,16172,1,7,20
28117,P22_16,17950,17979,0,7,50
28127,P22_16,18681,18712,2,9,1
28137,P22_16,19920,19944,1,6,161
28147,P22_16,22917,22950,1,86,205
28157,P22_16,24289,24315,0,6,79
28217,P22_16,29941,29973,1,5,2
28237,P22_16,31470,31893,5,30,74
28247,P22_16,33267,33388,0,30,133
28287,P22_16,35574,35601,3,8,92
28307,P22_16,36768,36793,1,7,20
28317,P22_16,37529,37566,11,12,183
28337,P22_16,38425,38495,0,4,81
28347,P22_16,39092,39115,3,9,145
28357,P22_16,39658,39707,1,18,131
28367,P22_16,40332,40368,1,64,125
28417,P22_16,43620,43642,3,8,92
28427,P22_17,264,300,4,21,222
28437,P22_17,835,888,0,5,60
28447,P22_17,1412,1490,4,5,122
28457,P22_17,2279,2302,1,7,20
28477,P22_17,4185,4308,4,5,122
28487,P22_17,4745,4769,1,6,161
28497,P22_17,5543,5564,1,1,44
28527,P22_17,9024,9040,2,125,195
28537,P22_17,9769,9800,4,12,90
28547,P22_17,10809,10919,1,1,44
28567,P22_17,12026,12169,0,4,81
28577,P22_17,12815,12863,1,4,10
28587,P22_17,13170,13204,0,18,59
28597,P22_17,13612,13653,9,3,184
28607,P22_17,14574,14653,0,16,186
28637,P22_17,16334,16365,0,28,18
28647,P22_17,16849,16885,4,12,90
28657,P22_17,17650,17681,2,3,88
28667,P22_17,18125,18180,4,21,222
28677,P22_17,18531,18575,0,16,186
28687,P22_17,19099,19122,0,75,202
28697,P22_17,19731,19761,1,6,161
28707,P22_17,20440,20515,4,16,188
28717,P22_17,20945,20967,0,16,186
28727,P22_17,21324,21438,4,16,188
28757,P22_17,23056,23103,0,32,226
28797,P22_17,25878,25930,1,28,149
28807,P22_17,27111,27204,4,32,185
28817,P22_17,27753,27834,4,59,108
28827,P22_17,28310,28392,1,28,149
28857,P22_17,31015,31050,0,16,186
28867,P22_17,31651,31679,3,9,145
28877,P22_17,32415,32443,0,7,50
28887,P22_17,32794,32858,3,8,92
28907,P22_17,33710,33748,1,18,131
28917,P22_17,34207,34246,2,9,1
28927,P22_17,34697,34742,3,9,145
28947,P22_17,35800,35949,4,53,97
28957,P22_17,36754,36786,15,3,165
28977,P22_17,38522,38582,1,32,190
29089,P23_02,21680,21876,4,6,203
29099,P23_02,23763,23796,1,31,40
29109,P23_02,26388,26478,1,4,10
29129,P23_02,29830,29928,0,4,81
29139,P23_02,32021,32067,4,12,90
29189,P23_02,46665,47014,4,126,211
29263,P23_04,8136,8162,3,3,8
29275,P23_04,21051,21078,3,3,8
29285,P23_04,23369,24163,5,30,74
29295,P23_04,27603,27689,12,47,230
29305,P23_04,29198,29309,0,24,169
29335,P23_04,37813,37883,0,4,81
29355,P23_04,41996,42026,0,32,226
29415,P23_04,58469,58513,4,4,182
29435,P23_04,65199,65233,0,7,50
29550,P24_01,816,855,3,10,61
29580,P24_01,9690,10048,1,58,109
29590,P24_01,11990,12070,12,47,230
29600,P24_01,13954,13976,1,23,27
29610,P24_01,15317,15360,0,32,226
29620,P24_01,17543,17588,2,3,88
29630,P24_01,20154,20256,1,23,27
29640,P24_02,63,129,2,10,11
29671,P24_02,3860,3879,1,18,131
29681,P24_02,5725,5766,0,18,59
29691,P24_02,7007,7050,3,3,8
29701,P24_02,8387,8444,3,8,92
29721,P24_02,12058,12272,9,26,173
29731,P24_02,13552,13710,9,26,173
29781,P24_02,22643,22713,1,26,156
29801,P24_03,431,462,0,21,201
29811,P24_03,1659,1734,4,18,96
29821,P24_03,2449,2505,0,23,9
29831,P24_03,3287,3317,0,16,186
29841,P24_03,4234,4333,4,6,203
29851,P24_03,5749,6003,4,1,24
29861,P24_03,7325,7365,0,7,50
29871,P24_03,8468,8535,1,16,200
29881,P24_03,9513,9536,0,23,9
29891,P24_03,10324,10410,1,18,131
29901,P24_03,12035,12226,4,33,213
29931,P24_04,2072,2688,1,58,109
29941,P24_04,3634,3674,0,32,226
29991,P24_04,9763,9793,2,3,88
30001,P24_04,10671,10704,2,8,0
30021,P24_04,12963,13098,4,21,222
30041,P24_05,466,602,0,11,168
30051,P24_05,1966,2228,12,47,230
30061,P24_05,3147,3250,0,4,81
30071,P24_05,4517,4567,3,8,92
30081,P24_05,6281,7001,16,13,36
30091,P24_05,8958,9110,5,13,38
30101,P24_05,11208,11377,3,8,92
30111,P24_05,12464,12657,1,1,44
30131,P24_05,15593,15627,0,5,60
30141,P24_05,16556,16592,11,12,183
30161,P24_05,20318,20336,1,5,2
30181,P24_05,23890,23931,0,7,50
30221,P24_05,29923,30016,4,5,122
30231,P24_05,30907,30941,4,5,122
30241,P24_05,31833,31887,0,32,226
30251,P24_05,33600,33709,0,7,50
30271,P24_05,36515,36774,1,18,131
30321,P24_05,43876,44022,1,1,44
30331,P24_05,45359,45397,0,23,9
30351,P24_05,47909,47952,1,4,10
30361,P24_06,922,966,4,11,180
30371,P24_06,2277,2299,0,6,79
30381,P24_06,5105,5150,1,6,161
30391,P24_06,6170,6205,12,3,78
30401,P24_06,7534,7559,1,23,27
30411,P24_06,8474,8511,2,8,0
30421,P24_06,9335,9467,4,4,182
30441,P24_06,13931,14421,4,1,24
30451,P24_06,15755,16044,4,33,213
30471,P24_07,1308,1417,1,6,161
30491,P24_07,3460,3495,0,30,133
30501,P24_07,4061,4156,3,10,61
30511,P24_07,4937,5039,1,31,40
30521,P24_07,7895,7938,1,5,2
30551,P24_07,11316,11383,1,18,131
30561,P24_07,12965,13273,5,30,74
30571,P24_07,14734,14805,1,4,10
30581,P24_07,15880,15913,0,18,59
30591,P24_07,20228,20255,1,6,161
30611,P24_07,23393,23420,0,4,81
30621,P24_07,23987,24039,2,3,88
30631,P24_07,25336,25377,0,19,29
30641,P24_07,26456,26538,11,12,183
31369,P25_02,228,282,1,7,20
31379,P25_02,2824,2854,1,4,10
31429,P25_04,7101,7332,2,3,88
31439,P25_04,9481,9522,1,58,109
31459,P25_04,14250,14459,4,32,185
31469,P25_04,16201,16342,1,32,190
31499,P25_05,5430,5489,3,3,8
31519,P25_05,9339,9430,0,39,34
31559,P25_05,21081,21150,0,24,169
31569,P25_05,25528,25563,3,9,145
31599,P25_05,35124,35159,0,21,201
31609,P25_05,36296,36321,1,18,131
31619,P25_05,38602,38898,44,70,189
31746,P25_09,7921,7969,1,5,2
31756,P25_09,8902,8950,1,1,44
31766,P25_09,10534,10559,1,24,137
31776,P25_09,11470,11519,2,9,1
31796,P25_09,15564,15855,0,4,81
31816,P25_09,20267,20307,11,12,183
31826,P25_09,22088,22114,0,18,59
31856,P25_10,1363,1396,0,70,210
31866,P25_10,5120,5163,0,70,210
31876,P25_10,8702,8747,1,31,40
31962,P26_01,283,312,3,8,92
31972,P26_01,918,968,0,5,60
31982,P26_01,1928,1964,1,1,44
32106,P26_03,3352,3421,1,4,10
32116,P26_03,5173,5262,4,1,24
32126,P26_03,7294,7362,4,16,188
32146,P26_04,1078,1104,2,8,0
32166,P26_04,3309,3367,3,8,92
32186,P26_05,1137,1218,1,11,214
32196,P26_07,135,508,6,35,55
32206,P26_08,998,1053,1,42,204
32216,P26_09,1198,1242,1,15,141
32226,P26_09,2282,2585,6,35,55
32246,P26_10,1838,1915,1,11,214
32266,P26_10,3863,3908,1,15,141
32310,P26_13,2053,2141,1,31,40
32330,P26_15,523,676,2,8,0
32353,P26_17,935,1010,1,4,10
32363,P26_18,729,930,4,21,222
32373,P26_18,3476,3872,4,4,182
32383,P26_18,5730,6051,0,16,186
32393,P26_18,7935,7986,0,23,9
32413,P26_19,889,942,1,4,10
32423,P26_19,2034,2066,3,10,61
32433,P26_19,3015,3348,4,16,188
32443,P26_19,4458,4482,1,5,2
32453,P26_19,5416,5470,0,5,60
32463,P26_19,6200,6267,0,4,81
32473,P26_19,9341,9530,4,16,188
32483,P26_19,10886,10908,1,18,131
32503,P26_21,79,112,2,8,0
32513,P26_21,2003,2033,3,8,92
32533,P26_21,5172,5233,1,11,214
32553,P26_21,8114,8145,2,9,1
32573,P26_21,10710,10795,17,179,233
32583,P26_21,12992,13037,1,7,20
32593,P26_22,101,936,6,41,53
32613,P26_22,4081,4186,1,7,20
32623,P26_23,1461,1611,1,31,40
32633,P26_24,1380,1409,1,7,20
32644,P26_26,1184,1230,3,8,92
32675,P26_28,2794,2832,1,18,131
32685,P26_29,349,389,2,17,121
32893,P27_01,47,116,0,18,59
32903,P27_01,1470,1903,4,11,180
32913,P27_01,4125,4387,4,5,122
32943,P27_02,2883,2917,0,21,201
32971,P27_04,550,673,1,1,44
32981,P27_04,1841,1881,0,7,50
33001,P27_04,7633,7809,4,21,222
33085,P27_06,496,534,2,8,0
33095,P27_06,2919,2977,1,1,44
33105,P27_06,7005,7243,4,11,180
33115,P27_06,11432,11614,4,18,96
33145,P27_06,19764,19815,0,18,59
33175,P27_07,686,719,0,11,168
33185,P27_07,2035,2067,1,5,2
33195,P27_07,7862,7887,0,21,201
33215,P27_07,13538,13571,0,21,201
33225,P27_07,18709,18734,15,3,165
33235,P27_07,22767,22794,3,3,8
33245,P27_07,24760,24803,0,16,186
33255,P27_07,27207,27317,0,16,186
33265,P28_01,39,111,0,24,169
33275,P28_01,1551,1630,1,22,21
33285,P28_01,2065,2101,0,22,7
33305,P28_01,3931,3946,1,4,10
33315,P28_01,4710,4743,0,51,76
33325,P28_01,6234,6419,3,77,148
33335,P28_01,7355,7393,1,5,2
33345,P28_01,8538,8560,2,25,39
33355,P28_02,88,124,0,29,23
33365,P28_02,553,577,0,4,81
33375,P28_02,1070,1108,2,9,1
33395,P28_02,3066,3095,0,22,7
33405,P28_02,3924,3942,1,18,131
33415,P28_02,4982,5016,0,11,168
33425,P28_02,5875,5911,1,11,214
33435,P28_02,6433,6757,4,19,64
33445,P28_02,7771,8017,4,4,182
33455,P28_02,8599,8829,4,4,182
33465,P28_02,9937,9957,0,21,201
33475,P28_02,10843,10878,4,1,24
33485,P28_02,11880,11911,0,21,201
33495,P28_02,13056,13077,12,3,78
33505,P28_02,14363,14405,12,3,78
33525,P28_03,1471,1521,0,19,29
33545,P28_03,3390,3455,2,10,11
33575,P28_03,6925,6966,15,3,165
33605,P28_03,12166,12243,3,9,145
33645,P28_03,19148,19205,0,27,85
33665,P28_04,96,129,2,9,1
33675,P28_04,1524,1585,0,27,85
33685,P28_04,3653,4216,5,27,86
33695,P28_04,6833,6861,15,3,165
33705,P28_04,7254,7312,16,40,126
33715,P28_04,8360,8395,3,25,32
33725,P28_04,9507,9531,8,108,80
33745,P28_04,12834,12872,15,3,165
33831,P28_06,21,54,0,5,60
33881,P28_06,8409,8442,1,19,48
33891,P28_06,9548,9573,15,3,165
33921,P28_06,12723,12801,0,11,168
33931,P28_06,14464,14496,1,7,20
33941,P28_06,16374,16392,1,46,163
33961,P28_06,18436,18983,6,90,13
33981,P28_07,77,93,0,7,50
34001,P28_08,409,436,1,19,48
34011,P28_08,1780,1824,12,3,78
34021,P28_08,2540,2659,4,5,122
34051,P28_08,5508,6024,4,19,64
34061,P28_08,7085,7134,4,4,182
34081,P28_08,9808,9962,4,12,90
34091,P28_09,530,602,2,10,11
34101,P28_09,1357,1408,3,10,61
34141,P28_09,7132,7187,12,3,78
34191,P28_09,11818,12055,4,19,64
34211,P28_09,14346,14371,2,8,0
34221,P28_10,675,705,0,5,60
34251,P28_11,1730,1771,2,8,0
34261,P28_11,2662,2719,1,1,44
34271,P28_11,4651,4719,2,9,1
34335,P28_14,223,308,0,52,110
34355,P28_14,1908,2025,5,51,77
34375,P28_14,4127,4164,3,10,61
34385,P28_14,4820,4874,0,70,210
34405,P28_14,6534,6744,4,19,64
34415,P28_14,8006,8107,4,12,90
34827,P29_01,759,837,38,10,229
34847,P29_01,2312,2360,2,9,1
34867,P29_01,5439,5566,5,13,38
34877,P29_01,6025,6078,5,13,38
34887,P29_01,6953,7087,5,13,38
34928,P29_01,10263,10347,12,47,230
34968,P29_01,15974,16029,17,106,111
34978,P29_01,17705,17811,0,22,7
35028,P29_01,22977,23001,0,65,191
35078,P29_01,28772,28812,0,23,9
35108,P29_01,33170,33201,1,11,214
35118,P29_01,34032,34068,1,46,163
35138,P29_01,35875,35927,0,18,59
35168,P29_02,372,403,0,22,7
35208,P29_02,4248,4276,3,9,145
35248,P29_03,2006,2115,1,23,27
35258,P29_03,3121,3165,1,16,200
35278,P29_03,5142,5172,0,52,110
35298,P29_03,7499,7590,9,1,28
35308,P29_03,8447,8532,1,4,10
35318,P29_03,9986,10115,0,1,57
35348,P29_03,13335,13368,0,7,50
35358,P29_03,14151,14188,0,18,59
35368,P29_03,14832,14865,0,5,60
35378,P29_03,15408,15456,2,9,1
35418,P29_03,19835,19905,1,4,10
35428,P29_03,20844,20946,4,6,203
35438,P29_03,22059,22172,0,6,79
35458,P29_03,25179,25255,0,6,79
35478,P29_03,28134,28213,4,6,203
35488,P29_03,29558,29791,4,18,96
35498,P29_03,30210,30242,4,5,122
35508,P29_03,31592,31624,0,21,201
35528,P29_03,34482,34613,0,4,81
35538,P29_03,35707,35791,0,7,50
35548,P29_03,36477,36609,4,5,122
35568,P29_03,38399,38435,0,7,50
35578,P29_03,39658,39820,4,21,222
35588,P29_03,40941,40995,1,15,141
35598,P29_03,41726,41998,1,22,21
35618,P29_03,44494,44761,1,1,44
35638,P29_03,46774,46844,1,6,161
35678,P29_03,50949,50992,15,3,165
35718,P29_03,57150,57177,15,3,165
35728,P29_03,58291,58400,4,126,211
35808,P29_04,4626,4675,3,8,92
36458,P30_02,304,347,0,52,110
36469,P30_02,2093,2289,1,52,153
36479,P30_02,3573,3607,1,6,161
36489,P30_02,4794,4856,3,8,92
36499,P30_02,6450,6500,1,60,75
36665,P30_04,1619,1762,4,23,227
36675,P30_04,2638,2699,1,4,10
36685,P30_04,3591,3608,3,9,145
36695,P30_04,4603,4647,0,4,81
36705,P30_04,4980,5020,0,4,81
36715,P30_04,5943,6008,1,39,104
36725,P30_04,7300,7332,1,1,44
36746,P30_04,10247,10285,1,39,104
36756,P30_04,11478,11493,0,65,191
36766,P30_04,12165,12197,1,39,104
36856,P30_05,5827,5849,3,9,145
36876,P30_05,7822,7842,0,76,35
36896,P30_05,10084,10127,4,6,203
36906,P30_05,11246,11487,16,13,36
36916,P30_05,12676,12846,5,13,38
36977,P30_05,22466,22514,7,24,14
36997,P30_05,25595,25622,2,8,0
37018,P30_05,28044,28075,3,112,155
37028,P30_05,29818,29854,2,9,1
37068,P30_05,35419,35442,1,7,20
37099,P30_05,40460,40509,0,11,168
37110,P30_05,41658,41714,4,23,227
37120,P30_05,43352,43429,1,4,10
37190,P30_05,53682,53713,1,1,44
37200,P30_05,54536,54575,3,8,92
37230,P30_05,57964,58012,7,17,47
37240,P30_05,59034,59106,2,8,0
37250,P30_05,59967,60042,4,19,64
37261,P30_05,60865,61050,4,19,64
37291,P30_05,65107,65141,3,10,61
37331,P30_05,69657,69940,17,106,111
37341,P30_05,71142,71167,1,20,70
37352,P30_05,72617,72660,1,19,48
37372,P30_05,74364,74466,6,44,22
37392,P30_05,76008,76067,16,40,126
37402,P30_05,77253,77451,16,40,126
37422,P30_05,78939,79159,16,40,126
37442,P30_05,81157,81271,16,40,126
37462,P30_05,83055,83110,17,106,111
37512,P30_05,89496,89529,1,4,10
37542,P30_05,93107,93138,0,28,18
37562,P30_05,94662,94710,1,11,214
37592,P30_06,1107,1274,1,4,10
37602,P30_06,2089,2106,1,5,2
37612,P30_06,2727,2786,3,9,145
37662,P30_06,6286,6332,4,6,203
37672,P30_06,6971,7002,1,18,131
37682,P30_06,7872,8005,4,1,24
37692,P30_06,8986,9043,1,1,44
37712,P30_06,10662,10698,0,7,50
38342,P30_10,805,837,0,1,57
38362,P30_10,3024,3183,7,17,47
38392,P30_10,6130,6147,2,25,39
38402,P30_10,6908,6958,4,12,90
38412,P30_10,7960,7991,1,1,44
38442,P30_10,11166,11217,4,4,182
38462,P30_10,12729,12753,0,6,79
38472,P30_10,13039,13350,24,1,33
38502,P30_10,16068,16087,0,18,59
38512,P30_10,16518,16545,0,23,9
38552,P30_10,19775,19960,4,1,24
38612,P30_11,2617,2667,2,8,0
38622,P30_11,3190,3243,1,23,27
38632,P30_11,4052,4199,4,1,24
38642,P30_11,5073,5381,4,1,24
38652,P30_11,6317,6350,1,6,161
38662,P30_11,7297,7333,1,7,20
38682,P30_11,8701,8772,0,23,9
38766,P31_02,453,544,2,8,0
38796,P31_03,3378,3424,3,10,61
38817,P31_05,356,417,0,1,57
38827,P31_05,1807,1856,3,8,92
38837,P31_05,3930,4317,0,52,110
38907,P31_07,4051,4087,1,5,2
38917,P31_07,6187,6235,1,5,2
39017,P31_09,807,898,4,32,185
39027,P31_09,1755,1830,3,10,61
39037,P31_09,5793,5827,1,5,2
39154,P31_13,1531,1616,0,75,202
39174,P31_13,9084,9136,2,8,0
39184,P31_13,11103,11298,21,129,105
39204,P31_13,18396,18436,3,10,61
39224,P31_14,4203,4361,4,33,213
331,P01_02,258,278,2,25,39
351,P01_02,1926,1945,0,22,7
361,P01_02,2744,2871,4,1,24
371,P01_02,4089,4137,1,1,44
381,P01_02,5049,5080,0,7,50
402,P01_02,7477,7602,18,1,146
412,P01_02,8663,8729,1,1,44
422,P01_02,9273,9335,1,4,10
432,P01_02,10285,10413,4,32,185
442,P01_02,11394,11458,3,25,32
452,P01_02,12734,12774,3,3,8
462,P01_02,13661,13863,0,88,187
472,P01_02,14670,14793,7,17,47
482,P01_03,445,470,0,29,23
512,P01_03,2850,2918,2,20,98
522,P01_04,310,423,1,20,70
532,P01_04,1358,1404,2,3,88
542,P01_04,2393,2461,0,28,18
562,P01_05,1108,1198,0,4,81
572,P01_05,2108,2214,1,6,161
602,P01_05,4706,4749,3,8,92
622,P01_05,6015,6041,1,5,2
632,P01_05,8640,8658,1,5,2
642,P01_05,9057,9241,0,68,158
652,P01_05,10230,10304,0,1,57
662,P01_05,12023,12068,3,9,145
692,P01_05,15360,15436,1,52,153
702,P01_05,16336,16382,0,18,59
722,P01_05,20682,20731,11,12,183
742,P01_05,28371,28452,2,9,1
832,P01_06,2105,2121,0,7,50
852,P01_06,3734,3761,12,3,78
862,P01_06,4791,4813,1,1,44
882,P01_06,8062,8100,1,1,44
892,P01_06,9654,9807,4,5,122
912,P01_06,11798,11996,4,33,213
922,P01_06,13462,14077,4,33,213
932,P01_07,395,443,0,5,60
942,P01_07,1327,1368,0,19,29
952,P01_07,1958,1989,1,23,27
962,P01_07,2673,2707,3,8,92
1002,P01_08,1445,1778,4,23,227
1012,P01_08,2541,2654,7,17,47
1032,P01_09,1122,1159,1,28,149
1042,P01_09,1760,1822,1,23,27
1052,P01_09,2397,2433,3,8,92
1083,P01_09,5830,5852,1,22,21
1093,P01_09,6260,6303,1,24,137
1113,P01_09,9605,9632,1,23,27
1143,P01_09,17297,17912,4,12,90
1193,P01_09,23542,23566,0,19,29
1203,P01_09,24065,24187,11,12,183
1233,P01_09,30361,30384,2,25,39
1253,P01_09,33293,33339,0,29,23
1283,P01_09,36009,36419,5,13,38
1293,P01_09,38303,38394,0,68,158
1323,P01_09,41152,41227,11,12,183
1344,P01_09,43762,43819,1,24,137
1354,P01_09,44332,44367,12,3,78
1374,P01_09,47291,47315,0,16,186
1394,P01_09,50065,50087,2,31,15
1404,P01_09,52073,52107,0,5,60
1434,P01_09,54625,54663,0,76,35
1464,P01_09,57639,57672,2,9,1
1514,P01_09,61902,61965,3,10,61
1524,P01_09,63697,63717,0,6,79
1564,P01_09,69243,69297,12,3,78
1594,P01_09,73145,73175,1,114,26
1614,P01_09,76086,76176,2,8,0
1624,P01_09,76900,76922,3,9,145
1674,P01_09,82338,82435,0,11,168
1684,P01_09,83306,83386,3,10,61
1704,P01_09,85048,85093,2,8,0
1714,P01_09,86059,86132,1,4,10
1724,P01_09,86710,86792,0,5,60
1744,P01_09,88663,88699,1,6,161
1764,P01_09,91048,91236,4,19,64
1784,P01_09,93080,93125,1,4,10
1794,P01_09,93907,93984,0,1,57
1804,P01_09,95187,95344,4,4,182
1814,P01_09,96001,96021,0,21,201
1824,P01_09,97339,97412,1,1,44
1874,P01_09,102735,102805,1,114,26
1884,P01_09,104790,104855,2,9,1
2815,P01_16,514,555,0,16,186
2825,P01_16,1206,1266,1,11,214
2835,P01_16,1912,1974,1,22,21
2845,P01_16,2322,2351,3,9,145
2855,P01_16,3057,3094,0,29,23
2875,P01_16,4612,4657,2,10,11
2925,P01_17,4831,5022,4,72,118
2966,P01_17,11372,11409,1,19,48
2976,P01_17,12287,12387,11,12,183
2996,P01_17,15060,15082,3,25,32
3006,P01_17,16178,16512,5,30,74
3046,P01_17,21054,21087,11,12,183
3076,P01_17,24233,24276,3,10,61
3086,P01_17,24854,25055,4,5,122
3096,P01_17,25832,25938,4,19,64
3106,P01_17,27035,27106,12,3,78
3126,P01_17,28899,29227,4,42,179
3136,P01_17,30385,30432,4,21,222
3146,P01_17,32237,32263,2,25,39
3156,P01_17,33362,33474,11,12,183
3176,P01_18,408,481,0,29,23
3196,P01_18,1778,1824,0,7,50
3216,P01_18,4479,4527,0,5,60
3226,P01_18,6563,6651,3,25,32
3236,P01_18,10591,10617,0,5,60
3246,P01_18,11354,11391,1,19,48
3256,P01_18,12051,12088,0,5,60
3266,P01_18,13647,13674,2,8,0
3286,P01_18,19958,20383,7,17,47
3296,P01_18,21163,21190,1,7,20
3316,P01_18,23294,23333,0,5,60
3336,P01_18,25728,25810,3,10,61
3346,P01_18,27744,27867,0,1,57
3366,P01_18,29577,29627,0,44,16
3386,P01_18,31330,31365,2,10,11
3396,P01_18,32168,32199,0,21,201
3406,P01_18,32790,33064,4,4,182
3417,P01_18,33677,33718,2,28,232
3437,P01_18,35974,36022,0,4,81
3447,P01_18,37091,37271,0,29,23
3467,P01_18,38944,39172,7,17,47
3479,P01_18,41438,41492,0,1,57
3489,P01_18,42333,42365,2,8,0
3542,P01_18,52255,52271,1,7,20
3552,P01_18,52994,53020,0,22,7
3562,P01_18,55504,55526,1,7,20
3572,P01_18,56665,56748,1,1,44
3582,P01_18,57502,57561,0,22,7
3612,P01_18,62348,62378,0,22,7
3642,P01_18,67755,67785,0,22,7
3662,P01_18,72375,72523,4,5,122
3672,P01_18,73368,73616,4,19,64
3682,P01_18,74190,74362,4,42,179
3692,P01_18,75649,75677,2,25,39
3702,P01_18,77177,77199,1,16,200
3712,P01_18,78732,78758,0,7,50
3829,P01_18,107652,107724,1,1,44
3849,P01_18,109929,109955,15,3,165
3859,P01_19,47,86,0,7,50
3869,P01_19,568,591,0,7,50
3879,P01_19,1090,1590,4,4,182
3889,P01_19,2750,2775,1,7,20
3899,P01_19,4358,4566,4,1,24
3909,P01_19,5717,5746,0,16,186
3939,P01_19,7856,8277,4,1,24
3979,P01_19,12426,12467,4,32,185
3999,P02_01,299,358,0,59,192
4009,P02_01,966,996,3,8,92
4019,P02_01,1651,1721,1,20,70
4052,P02_01,3833,3863,3,126,193
4062,P02_01,4449,4472,3,10,61
4086,P02_01,6816,6869,0,23,9
4106,P02_02,1674,1701,0,5,60
4116,P02_02,2180,2201,1,7,20
4126,P02_02,2591,2622,2,3,88
4136,P02_02,3230,3258,0,16,186
4146,P02_02,4045,4083,3,3,8
4156,P02_02,4507,4632,4,16,188
4540,P02_04,149,170,3,9,145
4550,P02_04,1115,1138,2,3,88
4570,P02_04,2252,2298,14,60,199
4580,P02_04,3126,3148,2,8,0
4590,P02_04,4199,4223,2,9,1
4600,P02_04,4960,4980,0,5,60
4610,P02_04,5441,5463,3,3,8
4620,P02_04,6294,6319,2,3,88
4630,P02_04,6794,6849,1,19,48
4640,P02_04,7428,7461,2,3,88
4650,P02_04,8033,8060,1,4,10
4670,P02_04,9335,9361,3,3,8
4680,P02_04,9836,9866,2,3,88
4715,P02_06,543,666,12,56,136
4725,P02_06,1289,1304,3,9,145
4735,P02_06,2002,2081,3,8,92
4745,P02_06,2609,2649,2,9,1
4755,P02_06,3308,3357,0,39,34
4765,P02_06,4278,4353,4,11,180
4795,P02_06,5671,5694,1,5,2
4805,P02_06,6346,6472,4,4,182
4815,P02_06,7115,7149,2,3,88
4825,P02_06,7711,7748,2,3,88
4835,P02_06,8538,8557,3,3,8
4845,P02_06,10354,10377,2,8,0
4855,P02_06,11857,11902,3,10,61
4895,P02_06,15170,15285,1,19,48
4955,P02_06,20227,20252,1,65,206
4995,P02_06,23921,24046,1,20,70
5005,P02_06,24548,24587,3,112,155
5045,P02_06,28050,28087,11,12,183
5065,P02_06,29523,29556,2,3,88
5125,P02_07,2467,2490,2,10,11
5155,P02_08,725,759,1,4,10
5175,P02_09,251,281,3,8,92
5185,P02_09,953,969,1,24,137
5195,P02_09,2062,2118,0,7,50
5236,P02_09,4357,4548,7,31,124
5246,P02_09,5189,5219,0,7,50
5310,P02_09,14936,14978,7,24,14
5320,P02_09,17157,17182,0,70,210
5330,P02_09,18097,18137,3,9,145
5350,P02_09,20297,20383,1,19,48
5360,P02_09,21086,21117,2,8,0
5370,P02_09,21545,21579,0,21,201
5380,P02_09,22783,22814,0,19,29
5390,P02_09,24115,24160,0,19,29
5400,P02_09,26310,26835,5,13,38
5410,P02_09,30776,30796,3,25,32
5420,P02_09,31704,32113,5,26,159
5481,P02_09,41570,41690,22,1,177
5541,P02_09,48498,48514,2,25,39
5551,P02_09,49153,49187,1,16,200
5561,P02_09,49743,49782,0,7,50
5581,P02_09,51291,51337,0,7,50
5601,P02_09,52757,52782,2,8,0
5611,P02_09,53301,53446,0,75,202
5651,P02_09,56784,56802,0,7,50
5661,P02_09,57512,57535,1,16,200
5671,P02_09,58133,58405,4,16,188
5681,P02_09,58716,58734,0,75,202
5691,P02_09,59208,59401,4,16,188
5721,P02_09,63297,63324,2,8,0
5731,P02_09,63922,64012,1,11,214
5751,P02_10,218,327,6,26,171
5761,P02_11,138,179,0,7,50
6231,P03_02,190,215,0,39,34
6251,P03_02,1412,1430,1,39,104
6261,P03_02,1947,1962,3,10,61
6291,P03_02,3372,3446,14,28,130
6301,P03_02,4420,4437,1,28,149
6311,P03_02,5056,5081,15,3,165
6351,P03_02,10728,10897,1,20,70
6361,P03_02,11800,11837,0,4,81
6401,P03_04,606,647,2,10,11
6411,P03_04,934,957,2,10,11
6451,P03_04,4552,4569,3,10,61
6461,P03_04,6305,6581,16,13,36
6471,P03_04,8228,8259,1,5,2
6481,P03_04,10042,10331,5,13,38
6491,P03_04,12514,12544,3,8,92
6501,P03_04,13465,13513,2,9,1
6521,P03_04,16605,16636,0,24,169
6531,P03_04,17039,17077,2,8,0
6541,P03_04,18108,18150,3,8,92
6581,P03_04,23849,23889,11,12,183
6631,P03_04,30266,30362,1,46,163
6651,P03_04,33951,33981,1,4,10
6661,P03_04,34237,34276,1,39,104
6681,P03_04,35758,35811,12,3,78
6721,P03_04,43417,43455,0,7,50
6731,P03_04,44790,44823,1,78,178
6761,P03_05,625,649,1,1,44
6771,P03_05,1305,1328,1,23,27
6801,P03_05,4982,5004,2,8,0
6811,P03_05,6118,6158,1,22,21
6853,P03_07,294,328,1,6,161
6863,P03_07,611,683,1,7,20
6883,P03_07,1892,1919,0,4,81
6903,P03_08,620,661,3,10,61
6913,P03_09,435,450,2,28,232
6943,P03_09,2142,2183,1,28,149
6953,P03_09,2631,2652,1,4,10
6983,P03_09,5434,5539,1,39,104
6993,P03_09,6204,6227,0,6,79
7003,P03_09,7224,7257,0,4,81
7013,P03_09,8558,8589,0,6,79
7023,P03_09,9669,9740,1,19,48
7033,P03_09,11307,11330,0,11,168
7053,P03_09,14694,14717,1,5,2
7073,P03_09,17187,17239,11,12,183
7083,P03_09,18477,18494,15,3,165
7093,P03_10,627,649,2,10,11
7103,P03_10,1117,1138,3,10,61
7113,P03_10,2024,2054,1,16,200
7172,P03_13,1513,1543,0,16,186
7192,P03_14,2518,2547,1,16,200
7242,P03_16,1951,1983,12,3,78
7252,P03_16,5244,5287,9,1,28
7272,P03_17,2351,2374,0,1,57
7282,P03_17,4245,4270,0,18,59
7292,P03_19,107,126,1,39,104
7302,P03_19,550,644,0,1,57
7312,P03_19,1843,1986,11,12,183
7322,P03_19,3402,3436,0,65,191
7332,P03_19,4051,4069,1,11,214
7362,P03_19,6276,6321,2,28,232
7382,P03_19,8106,8139,0,4,81
7392,P03_19,8748,8771,0,22,7
7412,P03_19,9854,9891,1,11,214
7422,P03_19,11109,11589,4,4,182
7432,P03_19,12868,12885,1,16,200
7442,P03_19,14392,14416,0,16,186
7452,P03_19,15573,15655,4,5,122
7462,P03_20,150,172,1,11,214
7482,P03_20,3677,3707,0,1,57
7492,P03_20,4621,4950,4,1,24
7502,P03_20,6774,6806,1,7,20
7862,P03_27,492,549,2,10,11
7872,P03_27,1271,1299,15,3,165
7882,P03_28,117,152,2,28,232
7902,P03_28,1044,1068,1,28,149
7912,P03_28,1608,1718,15,3,165
7922,P04_01,116,165,2,8,0
7972,P04_01,7579,7644,4,11,180
7982,P04_01,9310,9346,2,10,11
8062,P04_01,18818,18879,3,20,157
8072,P04_01,20524,20746,11,12,183
8092,P04_01,22105,22150,0,50,197
8102,P04_01,24640,24693,2,9,1
8123,P04_01,26162,26198,1,39,104
8133,P04_01,27286,27337,0,7,50
8173,P04_01,33196,33273,4,12,90
8203,P04_02,2133,2208,9,1,28
8253,P04_02,8775,8825,0,22,7
8273,P04_02,14830,14876,1,22,21
8313,P04_02,19863,19970,11,12,183
8343,P04_02,24508,24534,0,6,79
8373,P04_02,27422,27450,3,9,145
8383,P04_02,28410,28448,1,117,143
8403,P04_02,29933,29958,2,9,1
8413,P04_02,30641,30904,1,24,137
8474,P04_02,39421,39466,22,1,177
8484,P04_02,40528,40575,1,5,2
8514,P04_02,43008,43032,3,10,61
8564,P04_03,5315,5363,0,66,123
8574,P04_03,6493,6513,3,3,8
8584,P04_03,7583,7625,0,6,79
8594,P04_03,8435,8485,3,10,61
8604,P04_03,9360,9396,1,11,214
8654,P04_03,15068,15120,2,9,1
8674,P04_03,17012,17027,3,9,145
8704,P04_03,20382,20404,2,9,1
8714,P04_03,21637,21695,0,39,34
8754,P04_04,2534,3054,4,1,24
8764,P04_04,4192,4273,1,1,44
8774,P04_04,4878,4936,3,49,114
8804,P04_04,10299,10399,5,27,86
8814,P04_04,12516,12532,5,27,86
8834,P04_04,17149,17982,5,51,77
8864,P04_04,22236,22315,0,66,123
8874,P04_04,23504,23559,0,1,57
8884,P04_04,25101,25384,16,13,36
8894,P04_05,2604,2639,0,18,59
8904,P04_05,3636,3668,0,24,169
8914,P04_05,6347,6366,0,22,7
8924,P04_05,9180,9435,2,20,98
8934,P04_05,10370,10421,1,45,49
8944,P04_05,12152,12167,1,22,21
8994,P04_05,23197,23243,3,9,145
9014,P04_05,25976,26043,22,1,177
9034,P04_05,32664,32696,2,8,0
9044,P04_05,34097,34120,3,9,145
9054,P04_05,35405,35454,0,79,113
9064,P04_05,37581,37610,0,24,169
9105,P04_05,44489,44797,12,47,230
9115,P04_05,46404,46464,2,8,0
9126,P04_05,48186,48225,2,8,0
9196,P04_06,151,355,3,20,157
9226,P04_06,4863,4938,1,39,104
9247,P04_06,9107,9129,22,1,177
9317,P04_07,289,402,0,39,34
9402,P04_10,2181,2700,4,1,24
9412,P04_10,6162,6207,7,24,14
9462,P04_10,21260,21313,2,9,1
9472,P04_10,23586,23642,22,105,220
9532,P04_12,1117,1264,11,12,183
9552,P04_13,921,956,0,7,50
9603,P04_16,1067,1105,0,44,16
9653,P04_17,3483,3576,1,7,20
9703,P04_21,39,69,2,8,0
9713,P04_21,3083,3124,0,7,50
9723,P04_21,4856,4971,1,4,10
9743,P04_22,3320,3451,0,7,50
9763,P04_23,3386,3403,3,8,92
9773,P04_23,5044,5082,5,13,38
10236,P05_01,1354,1377,2,8,0
10296,P05_02,3164,3188,2,3,88
10306,P05_02,4774,4817,0,29,23
10326,P05_02,9527,9588,1,15,141
10346,P05_03,1352,1433,12,47,230
10356,P05_03,2322,2352,1,23,27
10366,P05_03,3360,3396,2,10,11
10386,P05_03,8454,8719,7,17,47
10396,P05_03,9996,10080,0,7,50
10406,P05_03,10914,10996,0,4,81
10416,P05_03,11959,12057,3,77,148
10436,P05_03,14914,14937,0,7,50
10446,P05_03,16316,16339,1,7,20
10456,P05_03,18793,18826,1,7,20
10466,P05_03,22075,22103,0,29,23
10476,P05_03,25307,25874,4,42,179
10486,P05_03,28670,28735,11,12,183
10496,P05_04,212,248,1,42,204
10516,P05_04,2237,2278,2,10,11
10556,P05_05,111,147,3,8,92
10576,P05_05,2149,2172,0,16,186
10747,P05_08,1176,1326,2,28,232
10787,P05_08,8826,8853,0,7,50
10797,P05_08,10110,10146,0,22,7
10817,P05_08,19470,19931,0,29,23
10827,P05_08,23350,23379,0,7,50
10837,P05_08,28377,28443,1,42,204
10857,P05_08,36081,36126,1,1,44
10943,P06_01,513,554,0,7,50
10963,P06_02,205,237,1,6,161
10983,P06_03,1935,1979,2,8,0
11043,P06_03,9377,9428,0,24,169
11093,P06_03,20317,20389,9,1,28
11327,P06_07,871,960,0,114,66
11337,P06_07,2011,2060,0,114,66
11347,P06_07,2542,2582,0,11,168
11377,P06_07,6581,6662,0,114,66
11397,P06_07,8539,8563,21,48,67
11427,P06_07,12261,12291,0,30,133
11467,P06_07,17754,17816,0,30,133
11497,P06_07,23858,23925,4,12,90
11507,P06_07,24579,24781,1,4,10
11517,P06_07,25649,25683,3,10,61
11527,P06_07,26140,26169,0,30,133
11537,P06_07,26945,26965,1,18,131
11547,P06_07,27591,27622,0,21,201
11557,P06_07,29153,29188,0,70,210
11587,P06_09,6647,6954,16,13,36
11617,P06_09,15807,15857,17,106,111
11637,P06_09,19162,19213,17,106,111
11657,P06_09,24464,24519,2,8,0
11667,P06_09,25581,25725,1,11,214
11687,P06_09,28379,28407,3,10,61
11697,P06_09,30255,30387,1,11,214
11747,P06_09,38063,38098,1,7,20
11757,P06_09,40110,40197,1,7,20
11976,P07_01,1932,2487,7,17,47
12001,P07_03,1394,1491,2,10,11
12031,P07_04,594,701,4,18,96
12041,P07_04,2288,2321,0,23,9
12051,P07_04,3311,3369,1,1,44
12071,P07_04,6163,6238,4,23,227
12091,P07_04,9938,10007,7,58,215
12101,P07_04,10820,10914,23,176,217
12121,P07_04,13726,13744,3,3,8
12151,P07_04,19167,19341,4,5,122
12161,P07_04,20904,21034,0,52,110
12181,P07_04,24542,24568,3,10,61
12191,P07_05,1748,1899,4,4,182
12201,P07_05,3290,3537,4,1,24
12221,P07_06,600,630,2,3,88
12231,P07_06,1790,2023,4,105,224
12241,P07_06,3401,3440,2,3,88
12251,P07_07,4877,4905,3,3,8
12261,P07_07,6291,6380,4,4,182
12271,P07_07,7183,7235,1,98,87
12281,P07_07,7937,7952,4,29,91
12291,P07_07,8254,8273,0,7,50
12346,P07_09,5103,5161,3,10,61
12356,P07_09,7907,8255,14,28,130
12706,P07_11,1003,1386,4,29,91
12726,P07_11,6363,6549,1,11,214
13089,P08_02,1596,1673,3,49,114
13099,P08_02,2531,2696,4,33,213
13149,P08_04,1089,1131,0,19,29
13159,P08_04,1831,1900,2,9,1
13169,P08_04,2665,2735,0,4,81
13189,P08_04,4602,4665,0,16,186
13199,P08_04,5705,5796,0,23,9
13611,P08_06,3796,3863,0,6,79
13621,P08_06,4516,4561,1,4,10
13631,P08_06,5400,5434,0,1,57
13641,P08_06,6496,6672,1,19,48
13651,P08_06,7734,7884,4,19,64
13691,P08_06,13966,14015,1,5,2
13701,P08_07,165,240,1,16,200
13711,P08_08,221,295,3,49,114
13741,P08_08,4099,4137,0,6,79
13983,P08_11,3941,4025,1,32,190
14003,P08_11,5594,5665,0,65,191
14440,P08_18,216,265,0,7,50
14460,P08_18,2696,2733,0,65,191
14480,P08_18,4740,4766,0,5,60
14500,P08_18,6897,7079,4,33,213
14510,P08_18,8034,8169,4,33,213
14550,P08_18,14134,14407,0,77,147
14591,P08_20,1323,1406,0,4,81
14611,P08_20,5269,5412,4,19,64
14651,P08_21,2415,2460,1,1,44
14661,P08_21,3252,3354,22,8,63
14681,P08_21,6217,6255,0,19,29
14691,P08_21,6880,6918,3,49,114
14721,P08_21,10045,10195,3,20,157
14731,P08_21,11619,11806,0,79,113
14761,P08_21,15953,15991,1,60,75
14771,P08_21,17000,17108,9,23,172
14781,P08_21,18628,18758,4,12,90
14791,P08_21,20358,20475,0,6,79
14801,P08_21,21024,21077,0,7,50
14811,P08_21,22130,22179,3,8,92
14831,P08_21,25466,25535,0,7,50
14851,P08_21,29370,29422,4,12,90
14861,P08_21,30364,30398,0,76,35
14891,P08_21,33895,33916,0,6,79
14901,P08_21,35081,35118,1,6,161
14911,P08_21,36154,36184,3,8,92
14931,P08_21,38589,38620,1,6,161
14971,P08_22,737,778,1,4,10
14981,P08_22,1693,1738,4,12,90
14991,P08_22,3069,3122,0,21,201
15001,P08_23,177,226,0,6,79
15011,P08_23,1568,1635,3,10,61
15021,P08_23,2743,2770,1,42,204
15031,P08_23,4437,4584,4,72,118
15061,P08_23,9477,9535,0,66,123
15071,P08_23,10732,10777,2,3,88
15141,P08_23,24558,24615,2,10,11
15152,P08_23,25411,25441,1,4,10
15182,P08_23,30834,31040,0,68,158
15192,P08_23,32378,32409,4,12,90
15212,P08_23,34344,34476,0,27,85
15232,P08_23,36841,37008,0,7,50
15252,P08_23,39816,39850,4,12,90
15302,P08_24,502,533,2,8,0
15312,P08_24,1824,1857,1,45,49
15322,P08_24,3139,3538,0,68,158
15332,P08_24,4350,4404,0,27,85
15342,P08_24,5067,5121,0,24,169
15352,P08_24,6225,6313,1,45,49
15393,P08_24,14098,14121,1,7,20
15403,P08_24,15555,15640,0,4,81
15423,P08_26,96,145,0,5,60
15433,P08_26,771,816,1,4,10
15453,P08_26,3233,3334,3,9,145
15463,P08_26,3982,4054,0,6,79
15473,P08_26,5282,5316,0,5,60
15494,P08_26,8398,8473,4,21,222
15504,P08_26,9924,10014,4,33,213
15514,P08_26,11053,11116,4,12,90
15524,P08_26,12079,12111,3,10,61
15554,P08_27,4589,4655,1,6,161
15574,P08_28,516,563,4,12,90
16027,P10_02,7138,7188,2,8,0
16047,P10_02,12085,12182,8,108,80
16087,P10_02,23222,24329,0,7,50
16098,P10_02,26429,26483,12,3,78
16108,P10_02,28181,28226,0,7,50
16118,P10_02,30754,31224,4,32,185
16406,P10_04,4504,4598,12,113,170
16426,P10_04,8833,8962,0,6,79
16466,P10_04,16105,16124,2,10,11
16486,P10_04,19825,20020,4,6,203
16496,P10_04,21583,21725,1,19,48
16526,P10_04,28145,28244,15,47,54
16546,P10_04,33269,33406,12,47,230
16576,P10_04,38121,38193,1,15,141
16606,P10_04,43072,43397,12,47,230
16716,P10_04,64651,64690,15,17,120
16736,P10_04,67500,67615,4,19,64
16746,P10_04,68840,68875,2,8,0
16757,P10_04,69867,70008,2,8,0
18494,P12_01,1257,1302,0,19,29
18504,P12_01,3664,3738,0,4,81
18514,P12_01,6051,6111,4,12,90
18544,P12_01,11561,11619,4,12,90
18564,P12_02,2819,2856,2,9,1
18574,P12_02,4230,4314,3,49,114
18584,P12_02,6726,6766,0,1,57
18594,P12_02,9495,9660,5,13,38
18604,P12_02,13752,13825,4,5,122
18654,P12_02,30482,30726,1,31,40
18664,P12_02,33760,33883,11,12,183
18674,P12_02,38395,38854,7,41,162
18705,P12_02,48315,48438,1,31,40
18715,P12_02,50593,50628,0,7,50
18725,P12_02,51986,52031,2,9,1
18735,P12_02,54242,54269,4,12,90
18939,P12_04,44810,44964,1,7,20
18949,P12_04,47016,47217,1,19,48
18989,P12_06,2394,2501,2,9,1
18999,P12_06,4146,4244,0,4,81
19009,P12_07,1016,1339,4,4,182
19031,P12_07,11681,11779,11,12,183
19041,P12_07,21472,21723,4,32,185
19284,P13_07,435,480,2,9,1
19294,P13_07,2403,2452,2,9,1
19304,P13_07,3395,3426,0,76,35
19314,P13_08,1653,1688,1,1,44
19334,P13_08,6135,6376,0,5,60
19344,P13_08,9254,9884,5,13,38
19354,P13_08,18859,18942,0,76,35
19374,P13_08,30447,30563,1,24,137
19394,P13_08,37447,37521,0,4,81
19404,P13_08,40277,40573,2,20,98
19414,P13_08,44135,44264,1,4,10
19434,P13_08,50684,50757,1,4,10
19444,P13_08,56578,56608,0,7,50
19454,P13_08,59642,59725,0,4,81
19484,P13_08,69502,70257,6,35,55
19494,P13_08,73146,73382,6,35,55
19561,P13_10,1465,1534,0,51,76
19571,P13_10,3494,3524,1,7,20
19606,P14_03,96,158,0,4,81
19616,P14_04,889,1448,4,5,122
19626,P14_04,3651,3697,0,21,201
19660,P14_07,282,307,0,21,201
19703,P14_09,275,319,2,17,121
19713,P14_09,2588,2615,0,18,59
19723,P14_09,4266,4385,0,6,79
19733,P14_09,5927,6059,4,4,182
19743,P15_01,604,643,2,9,1
19763,P15_02,2426,2471,0,5,60
19773,P15_02,6381,6474,0,1,57
19783,P15_02,12675,12758,0,6,79
19823,P15_03,3616,3858,4,6,203
19833,P15_03,6165,6192,3,3,8
19980,P15_08,96,138,0,4,81
20010,P15_08,5211,5245,1,16,200
20050,P15_08,10061,10088,3,9,145
20060,P15_08,12485,12596,3,49,114
20070,P15_09,160,216,2,9,1
20100,P15_10,3028,3262,7,41,162
20160,P15_13,8492,8519,1,22,21
20170,P15_13,12913,13048,4,12,90
20180,P15_13,21030,21114,8,108,80
20210,P16_01,1590,1628,2,10,11
20260,P16_01,22622,22672,1,15,141
20280,P16_02,18,66,42,123,107
20300,P16_03,4050,4353,4,1,24
20405,P17_03,518,586,3,3,8
20435,P17_04,883,909,3,3,8
20455,P17_04,6935,6953,1,11,214
20475,P17_04,30342,30365,3,10,61
21227,P19_01,1112,1158,0,23,9
21247,P19_01,6194,6596,5,30,74
21257,P19_01,8431,8748,5,30,74
21280,P19_01,17670,17724,4,21,222
21301,P19_01,22899,23042,2,17,121
21322,P19_03,1985,2131,2,3,88
21332,P19_03,3848,3923,1,1,44
21352,P19_04,5288,5347,7,17,47
21372,P19_04,9271,9647,5,30,74
21412,P19_04,22200,22478,7,17,47
21485,P20_01,1201,1263,3,112,155
21495,P20_01,2764,3132,0,77,147
21505,P20_01,3924,3982,2,9,1
21515,P20_01,4701,4728,15,3,165
21525,P20_01,5564,5622,1,11,214
21605,P20_01,12523,12598,0,1,57
21615,P20_01,13542,13562,15,3,165
21625,P20_01,14694,14953,6,26,171
21697,P20_01,24397,24478,6,26,171
21727,P20_01,28559,28595,1,46,163
21737,P20_01,29298,29448,1,46,163
21777,P20_01,35961,35984,9,26,173
21787,P20_01,37636,37718,4,6,203
21797,P20_01,38649,38673,0,22,7
21817,P20_01,40795,40827,1,6,161
21827,P20_02,111,159,0,18,59
21837,P20_02,1248,1298,1,4,10
21847,P20_02,1872,1922,4,32,185
21857,P20_02,2727,2914,4,6,203
21867,P20_02,4286,4414,4,4,182
21887,P20_02,6397,6618,4,4,182
21897,P20_02,7713,7818,4,32,185
21907,P20_02,9060,9165,4,1,24
21927,P20_02,11376,11475,1,4,10
21937,P20_02,12269,12306,2,9,1
22627,P21_01,900,1015,0,4,81
22638,P21_01,2896,2941,1,4,10
22648,P21_01,5526,5930,4,5,122
22658,P21_01,8798,9230,2,31,15
22688,P21_01,14121,14191,3,10,61
22698,P21_01,16027,16146,1,16,200
22788,P21_03,1164,1228,3,10,61
22808,P21_03,7164,7425,3,77,148
22839,P21_03,13952,14160,3,77,148
22860,P21_04,206,331,4,4,182
22870,P21_04,2074,2111,2,10,11
22880,P21_04,4670,4709,3,77,148
22920,P21_04,13785,14383,5,30,74
24182,P22_05,1203,1235,0,16,186
24192,P22_05,2224,2324,2,29,17
24202,P22_05,3017,3043,2,3,88
24212,P22_05,3656,3680,1,4,10
24222,P22_05,4205,4223,0,16,186
24232,P22_05,4697,4772,4,4,182
24242,P22_05,5563,5731,4,59,108
24262,P22_05,7406,7580,4,105,224
24272,P22_05,8205,8237,0,32,226
24312,P22_05,11529,11633,7,17,47
24342,P22_05,14004,14075,3,10,61
24462,P22_05,23013,23053,2,3,88
24472,P22_05,23550,23610,1,4,10
24522,P22_05,26871,26943,3,9,145
24532,P22_05,27669,27702,1,4,10
24552,P22_05,28881,28927,3,8,92
24562,P22_05,29429,29539,0,18,59
24582,P22_05,31341,31378,1,32,190
24602,P22_05,32917,32943,12,3,78
24612,P22_05,33493,33589,1,32,190
24622,P22_05,34076,34115,0,52,110
24652,P22_05,36726,36818,7,58,215
24662,P22_06,564,589,0,18,59
24682,P22_06,1528,1573,1,60,75
24702,P22_06,3394,3466,0,23,9
24712,P22_06,4216,4249,2,8,0
24722,P22_06,4788,4915,4,23,227
24732,P22_06,5554,5687,4,23,227
24742,P22_06,6038,6076,0,18,59
24752,P22_06,6686,6790,4,4,182
24762,P22_06,7303,7372,4,4,182
24772,P22_06,7807,7832,4,21,222
24782,P22_06,8580,8901,4,16,188
24802,P22_06,10437,10553,4,59,108
24812,P22_06,11199,11310,4,105,224
24822,P22_06,11917,12065,11,12,183
24842,P22_06,12976,13014,0,32,226
24862,P22_07,1030,1068,2,8,0
24872,P22_07,1482,1508,1,18,131
24882,P22_07,2031,2048,2,3,88
24892,P22_07,2543,2569,2,3,88
24902,P22_07,3138,3285,4,16,188
24922,P22_07,4578,4614,1,5,2
24932,P22_07,5285,5349,5,13,38
24962,P22_07,8262,8294,2,3,88
24972,P22_07,9067,9117,5,13,38
24992,P22_07,11039,11199,11,12,183
25002,P22_07,11637,11679,2,9,1
25012,P22_07,12330,12664,0,1,57
25022,P22_07,13109,13136,1,19,48
25042,P22_07,14627,14655,1,7,20
25052,P22_07,16437,16463,5,69,3
25062,P22_07,17320,17342,2,3,88
25072,P22_07,17863,17995,5,69,3
25082,P22_07,19817,20056,5,69,3
25092,P22_07,21303,21320,0,7,50
25102,P22_07,22179,22205,1,7,20
25112,P22_07,22837,22861,1,31,40
25142,P22_07,25044,25080,3,8,92
25172,P22_07,27647,27755,1,11,214
25212,P22_07,30734,30779,1,5,2
25222,P22_07,31996,32081,1,19,48
25232,P22_07,32701,32718,2,3,88
25242,P22_07,33274,33297,3,9,145
25272,P22_07,36668,36720,1,11,214
25292,P22_07,38589,38632,3,9,145
25312,P22_07,40604,40699,4,53,97
25322,P22_07,41706,41734,4,32,185
25342,P22_07,43192,43216,1,18,131
25352,P22_07,43844,44092,6,35,55
25402,P22_07,48489,48530,44,70,189
25432,P22_07,51328,51353,4,12,90
25452,P22_07,52787,52820,14,12,196
25462,P22_07,53709,53752,1,18,131
25472,P22_07,54737,54760,3,8,92
25492,P22_07,56080,56145,1,15,141
25512,P22_07,57884,58106,6,35,55
25532,P22_07,59756,60065,6,35,55
25562,P22_07,62602,62662,7,17,47
25572,P22_07,64164,64210,6,35,55
25582,P22_07,65050,65102,4,12,90
25977,P22_09,251,313,11,12,183
25987,P22_09,795,860,0,11,168
25997,P22_09,1192,1226,3,9,145
26007,P22_09,1808,1876,2,8,0
26017,P22_09,2358,2406,1,7,20
26057,P22_09,4739,4790,4,21,222
26067,P22_09,5322,5352,2,3,88
26107,P22_09,7453,7472,0,21,201
26127,P22_09,9244,9264,15,3,165
26137,P22_09,10322,10338,3,3,8
26147,P22_09,11624,11707,4,33,213
26802,P22_12,1464,1488,3,3,8
26832,P22_12,5307,5340,2,25,39
26842,P22_12,5700,5722,0,5,60
26912,P22_12,9361,9392,2,3,88
26922,P22_12,9847,9874,3,3,8
26942,P22_12,11641,11686,2,8,0
26962,P22_12,13133,13159,3,9,145
26972,P22_12,13642,13702,2,9,1
26982,P22_12,14277,14305,44,70,189
26992,P22_12,14815,14833,44,70,189
27002,P22_12,15191,15207,44,70,189
27022,P22_12,16603,16621,3,3,8
27042,P22_12,18400,18428,3,8,92
27052,P22_12,19065,19098,0,23,9
27062,P22_12,19524,19557,0,4,81
27072,P22_12,20324,20382,1,105,223
27338,P22_14,1168,1243,2,8,0
27348,P22_14,1687,1706,3,8,92
27398,P22_14,5892,5913,1,7,20
27408,P22_14,6657,6690,1,98,87
27418,P22_14,7672,7687,0,5,60
27428,P22_14,8335,8426,4,5,122
27438,P22_14,8859,8919,1,4,10
27448,P22_14,9492,9571,4,12,90
27458,P22_14,10413,10488,4,5,122
27468,P22_14,11229,11289,1,4,10
27488,P22_14,12854,12877,2,3,88
27498,P22_14,13846,13868,1,15,141
27538,P22_14,16384,16424,0,5,60
27568,P22_14,17696,17740,1,32,190
27588,P22_14,19151,19173,0,6,79
27598,P22_14,19797,19830,1,4,10
27618,P22_15,451,477,3,126,193
27638,P22_15,1641,1723,1,4,10
27648,P22_15,2355,2382,1,42,204
27658,P22_15,2971,3027,1,23,27
27668,P22_15,3589,3636,0,75,202
27678,P22_15,4189,4250,0,19,29
27688,P22_15,4873,4895,0,32,226
27698,P22_15,5483,5508,3,3,8
27708,P22_15,6051,6088,0,23,9
27718,P22_15,6890,6920,0,6,79
27728,P22_15,8255,8341,2,10,11
27738,P22_15,8943,8972,4,21,222
27748,P22_15,9555,9926,4,6,203
27758,P22_15,10285,10334,1,7,20
27768,P22_15,10775,10805,4,23,227
27778,P22_15,11305,11343,1,4,10
27788,P22_15,11835,11970,4,29,91
27798,P22_15,12696,12741,1,6,161
27808,P22_15,13579,13774,10,37,212
27838,P22_15,15565,15581,3,25,32
27848,P22_15,16016,16066,0,39,34
27888,P22_15,17925,17962,1,28,149
27898,P22_16,801,960,1,16,200
27918,P22_16,1897,1953,1,7,20
27928,P22_16,2554,2583,2,3,88
27938,P22_16,3032,3070,2,8,0
27958,P22_16,4148,4193,3,8,92
27998,P22_16,6222,6239,4,12,90
28018,P22_16,7519,7586,16,13,36
28038,P22_16,8853,8996,5,13,38
28058,P22_16,11874,11948,0,30,133
28068,P22_16,13173,13195,0,7,50
28088,P22_16,16198,16271,0,79,113
28098,P22_16,16706,16740,1,31,40
28138,P22_16,19965,19988,0,1,57
28198,P22_16,27139,27194,3,8,92
28298,P22_16,36307,36333,2,8,0
28308,P22_16,36777,36799,9,7,68
28318,P22_16,37569,37629,1,32,190
28338,P22_16,38490,38552,0,4,81
28348,P22_16,39114,39177,1,18,131
28358,P22_16,39766,39808,0,7,50
28378,P22_16,40892,40939,1,64,125
28388,P22_16,41452,41490,1,6,161
28408,P22_16,42953,42977,0,28,18
28418,P22_16,43720,43761,1,16,200
28438,P22_17,873,1029,4,5,122
28448,P22_17,1484,1519,1,5,2
28458,P22_17,2307,2461,4,318,181
28468,P22_17,3518,3589,4,19,64
28478,P22_17,4295,4359,1,5,2
28498,P22_17,5634,6123,7,17,47
28508,P22_17,7316,7350,2,28,232
28518,P22_17,8334,8449,3,112,155
28538,P22_17,9810,9885,4,1,24
28548,P22_17,10958,10986,2,3,88
28558,P22_17,11470,11504,3,10,61
28578,P22_17,12851,12884,0,4,81
28588,P22_17,13204,13251,4,18,96
28608,P22_17,14715,14767,1,16,200
28618,P22_17,15257,15282,0,16,186
28638,P22_17,16368,16391,2,3,88
28648,P22_17,16888,16914,3,3,8
28658,P22_17,17676,17736,4,21,222
28678,P22_17,18687,18724,1,16,200
28698,P22_17,19751,19785,2,3,88
28708,P22_17,20504,20565,4,16,188
28718,P22_17,20970,21006,4,16,188
28728,P22_17,21457,21522,1,16,200
28738,P22_17,21891,21918,4,137,207
28758,P22_17,23106,23193,0,32,226
28768,P22_17,23725,23781,44,70,189
28778,P22_17,24318,24336,44,70,189
28798,P22_17,25933,25971,3,10,61
28808,P22_17,27232,27326,4,33,213
28818,P22_17,27840,27946,4,59,108
28828,P22_17,28514,28544,0,32,226
28848,P22_17,30615,30720,1,23,27
28868,P22_17,31699,31746,0,4,81
28898,P22_17,33236,33282,1,86,205
28908,P22_17,33757,33779,0,18,59
28918,P22_17,34258,34285,1,32,190
28928,P22_17,34774,34866,1,32,190
28948,P22_17,35952,35980,44,70,189
28958,P22_17,36807,36879,9,3,184
28968,P22_17,37808,38229,4,33,213
28988,P23_01,432,447,0,5,60
29008,P23_02,2453,2543,4,53,97
29019,P23_02,5213,7078,5,13,38
29070,P23_02,17510,17538,22,1,177
29090,P23_02,21954,21993,0,4,81
29110,P23_02,26481,26641,1,45,49
29120,P23_02,27867,27927,4,12,90
29140,P23_02,32078,32108,3,3,8
29170,P23_02,42249,42630,4,4,182
29180,P23_02,45634,45694,0,23,9
29190,P23_02,47023,47115,2,3,88
29200,P23_02,49062,49125,2,3,88
29254,P23_04,4338,4372,2,3,88
29264,P23_04,8335,8369,0,4,81
29276,P23_04,21153,21191,2,10,11
29286,P23_04,24083,24912,5,30,74
29296,P23_04,27749,27899,1,1,44
29306,P23_04,29438,29518,1,24,137
29376,P23_04,50082,50442,4,33,213
29396,P23_04,56058,56083,3,10,61
29406,P23_04,56861,56992,4,53,97
29426,P23_04,61714,61775,0,32,226
29561,P24_01,3882,3940,3,10,61
29581,P24_01,10157,10293,4,12,90
29591,P24_01,12533,12664,0,4,81
29611,P24_01,15357,15470,11,12,183
29621,P24_01,17583,17628,4,12,90
29651,P24_02,1122,1216,12,47,230
29661,P24_02,2378,2429,3,10,61
29672,P24_02,3956,3990,0,24,169
29682,P24_02,5820,5997,9,26,173
29692,P24_02,7042,7319,0,18,59
29702,P24_02,8444,8577,0,18,59
29732,P24_02,13764,13822,1,18,131
29742,P24_02,16146,16286,1,31,40
29762,P24_02,19901,20103,1,31,40
29782,P24_02,22871,22931,12,3,78
29792,P24_02,23949,23993,0,4,81
29802,P24_03,448,500,4,21,222
29812,P24_03,1721,1762,0,23,9
29822,P24_03,2508,2693,4,23,227
29832,P24_03,3327,3369,4,16,188
29842,P24_03,4375,4407,15,3,165
29852,P24_03,6019,6396,4,1,24
29872,P24_03,8557,8585,0,16,186
29882,P24_03,9535,9675,4,23,227
29892,P24_03,10413,10441,0,4,81
29902,P24_03,12229,12364,4,33,213
29922,P24_04,883,945,7,17,47
29932,P24_04,2660,2750,1,7,20
29942,P24_04,3672,3729,11,12,183
29952,P24_04,4965,5143,0,52,110
29962,P24_04,5681,5719,0,5,60
29982,P24_04,9174,9198,2,8,0
29992,P24_04,9801,10072,4,33,213
30002,P24_04,10707,10736,1,5,2
30012,P24_04,11549,11592,12,3,78
30022,P24_04,13098,13119,3,3,8
30032,P24_04,14142,14203,1,23,27
30042,P24_05,594,618,1,11,214
30052,P24_05,2209,2274,1,15,141
30062,P24_05,3249,3341,1,4,10
30072,P24_05,4708,4758,0,4,81
30082,P24_05,6435,6980,5,13,38
30102,P24_05,11269,11442,0,1,57
30122,P24_05,14112,14140,1,19,48
30132,P24_05,15666,15688,0,19,29
30142,P24_05,16597,16627,0,7,50
30152,P24_05,18766,18796,1,7,20
30172,P24_05,22785,22890,17,106,111
30182,P24_05,23910,24041,6,41,53
30192,P24_05,26154,26177,0,7,50
30202,P24_05,27185,27228,1,31,40
30222,P24_05,30022,30063,0,19,29
30232,P24_05,30977,31011,2,8,0
30252,P24_05,33716,33876,1,11,214
30272,P24_05,36748,36778,0,28,18
30292,P24_05,40294,40397,1,42,204
30302,P24_05,41869,41884,1,7,20
30312,P24_05,42794,42844,0,23,9
30322,P24_05,44051,44092,1,1,44
30352,P24_06,15,45,2,3,88
30362,P24_06,984,1233,4,11,180
30372,P24_06,2426,3361,4,6,203
30382,P24_06,5158,5190,3,8,92
30392,P24_06,6211,6776,4,42,179
30402,P24_06,7565,7601,0,18,59
30412,P24_06,8513,8574,0,19,29
30422,P24_06,9474,9561,1,4,10
30432,P24_06,12560,12612,1,15,141
30442,P24_06,14424,14508,4,21,222
30452,P24_06,16037,16173,4,21,222
30472,P24_07,1408,1561,3,9,145
30482,P24_07,2172,2581,1,26,156
30522,P24_07,7941,8083,3,77,148
30562,P24_07,13286,13329,0,30,133
30572,P24_07,14800,14965,9,26,173
30582,P24_07,15885,15995,1,18,131
30602,P24_07,21814,22029,1,24,137
30612,P24_07,23414,23474,1,4,10
30622,P24_07,24042,24102,4,12,90
30632,P24_07,25380,25451,1,19,48
30642,P24_07,26535,26615,1,32,190
31360,P25_01,1878,1928,2,11,152
31380,P25_02,2981,3014,0,4,81
31390,P25_02,5348,5391,0,7,50
31400,P25_03,15,55,0,70,210
31410,P25_03,2703,3194,4,32,185
31420,P25_04,1439,1463,0,32,226
31440,P25_04,9708,9862,1,60,75
31450,P25_04,12495,12536,0,7,50
31480,P25_05,29,100,2,3,88
31490,P25_05,2915,3000,1,15,141
31500,P25_05,5490,5518,2,3,88
31520,P25_05,9528,9562,1,39,104
31540,P25_05,13638,13682,0,39,34
31560,P25_05,21306,21549,1,24,137
31590,P25_05,32028,32259,3,3,8
31610,P25_05,36333,36369,0,5,60
31620,P25_05,38951,38986,0,32,226
31630,P25_05,43896,43948,0,21,201
31747,P25_09,7972,8094,4,12,90
31757,P25_09,8969,9002,2,9,1
31777,P25_09,11483,11683,0,7,50
31797,P25_09,15861,15905,1,18,131
31807,P25_09,17490,17578,0,21,201
31817,P25_09,20310,20357,1,32,190
31837,P25_09,23466,23597,11,12,183
31847,P25_09,26126,26226,1,18,131
31857,P25_10,1529,1552,0,21,201
31877,P25_10,8778,8837,2,3,88
31963,P26_01,338,400,1,1,44
31973,P26_01,971,998,0,5,60
32087,P26_03,642,687,1,4,10
32097,P26_03,1189,1222,0,21,201
32107,P26_03,3437,3471,0,21,201
32117,P26_03,5757,5835,4,1,24
32127,P26_03,7374,7479,4,16,188
32137,P26_04,56,96,2,8,0
32147,P26_04,1193,1237,3,8,92
32157,P26_04,2138,2189,2,8,0
32167,P26_04,3522,3564,2,10,11
32177,P26_05,191,222,0,4,81
32197,P26_07,510,542,1,7,20
32207,P26_08,1149,1204,2,11,152
32227,P26_09,2588,2622,0,4,81
32237,P26_10,198,229,3,8,92
32247,P26_10,2045,2112,2,10,11
32291,P26_12,40,68,2,11,152
32311,P26_13,2141,2179,1,31,40
32321,P26_13,3425,3455,2,8,0
32354,P26_17,1074,1109,0,4,81
32364,P26_18,820,1314,4,42,179
32374,P26_18,3845,4180,4,4,182
32384,P26_18,5974,6326,4,21,222
32394,P26_18,7991,8185,4,23,227
32414,P26_19,1143,1192,0,16,186
32424,P26_19,2236,2275,2,8,0
32434,P26_19,3342,3400,1,16,200
32444,P26_19,4483,4515,0,5,60
32454,P26_19,5465,5568,4,5,122
32464,P26_19,6216,6267,0,4,81
32474,P26_19,9529,9857,4,16,188
32484,P26_19,10914,10960,0,7,50
32514,P26_21,2040,2385,12,47,230
32524,P26_21,3428,3452,3,8,92
32534,P26_21,5258,5305,0,7,50
32544,P26_21,7298,7362,1,7,20
32554,P26_21,8148,8170,0,7,50
32564,P26_21,9666,9706,3,10,61
32574,P26_21,11346,11381,0,4,81
32584,P26_21,13046,13138,1,11,214
32604,P26_22,2486,2711,3,77,148
32624,P26_23,1591,1631,1,31,40
32645,P26_26,1309,1359,1,42,204
32686,P26_29,383,799,4,42,179
32904,P27_01,1873,1968,4,11,180
32914,P27_01,4390,4475,4,5,122
32924,P27_01,6116,6242,4,21,222
32944,P27_02,2916,3546,4,1,24
32972,P27_04,661,697,1,11,214
32982,P27_04,1884,1918,1,7,20
33012,P27_04,9484,9517,2,10,11
33086,P27_06,553,579,2,8,0
33096,P27_06,3465,3506,0,1,57
33106,P27_06,7250,7441,1,11,214
33116,P27_06,11523,11547,4,5,122
33146,P27_06,19829,19863,1,18,131
33156,P27_06,22193,22238,2,3,88
33166,P27_06,25069,25100,2,3,88
33176,P27_07,736,791,1,11,214
33186,P27_07,2190,2269,1,18,131
33196,P27_07,7892,8007,4,18,96
33226,P27_07,20537,20656,1,1,44
33236,P27_07,22820,22841,0,32,226
33256,P27_07,27377,27439,1,16,200
